sensor_id,timestamp,location,data
SN003,2024-01-01T00:00:00,Waiting Hall,84.4
SN001,2024-01-01T00:10:00,Ticketing Area,98.6
SN003,2024-01-01T00:20:00,Waiting Hall,94.2
SN003,2024-01-01T00:30:00,Waiting Hall,87.7
SN002,2024-01-01T00:40:00,Platform 1,91.8
SN001,2024-01-01T00:50:00,Waiting Hall,87.5
SN003,2024-01-01T01:00:00,Food Court,96.2
SN003,2024-01-01T01:10:00,Waiting Hall,90.1
SN003,2024-01-01T01:20:00,Track 3 Entrance,100
SN002,2024-01-01T01:30:00,Ticketing Area,100
SN003,2024-01-01T01:40:00,Track 3 Entrance,90.1
SN003,2024-01-01T01:50:00,Waiting Hall,90.1
SN001,2024-01-01T02:00:00,Platform 1,87.1
SN003,2024-01-01T02:10:00,Ticketing Area,97.5
SN002,2024-01-01T02:20:00,Waiting Hall,100
SN003,2024-01-01T02:30:00,Food Court,95.7
SN003,2024-01-01T02:40:00,Waiting Hall,87.7
SN003,2024-01-01T02:50:00,Track 3 Entrance,89.8
SN001,2024-01-01T03:00:00,Track 3 Entrance,87.3
SN001,2024-01-01T03:10:00,Ticketing Area,87.7
SN002,2024-01-01T03:20:00,Waiting Hall,96.4
SN003,2024-01-01T03:30:00,Waiting Hall,91.9
SN001,2024-01-01T03:40:00,Ticketing Area,91
SN002,2024-01-01T03:50:00,Waiting Hall,88.1
SN002,2024-01-01T04:00:00,Platform 1,100
SN001,2024-01-01T04:10:00,Track 3 Entrance,83.7
SN001,2024-01-01T04:20:00,Platform 1,100
SN002,2024-01-01T04:30:00,Platform 1,97.7
SN001,2024-01-01T04:40:00,Platform 1,93.8
SN001,2024-01-01T04:50:00,Waiting Hall,93.6
SN003,2024-01-01T05:00:00,Platform 1,80.7
SN001,2024-01-01T05:10:00,Waiting Hall,95.5
SN001,2024-01-01T05:20:00,Track 3 Entrance,87
SN003,2024-01-01T05:30:00,Waiting Hall,88.6
SN002,2024-01-01T05:40:00,Food Court,92.3
SN003,2024-01-01T05:50:00,Platform 1,94
SN002,2024-01-01T06:00:00,Food Court,90.6
SN002,2024-01-01T06:10:00,Track 3 Entrance,88.2
SN001,2024-01-01T06:20:00,Track 3 Entrance,82.7
SN003,2024-01-01T06:30:00,Food Court,91.9
SN001,2024-01-01T06:40:00,Waiting Hall,90.1
SN002,2024-01-01T06:50:00,Platform 1,99.8
SN002,2024-01-01T07:00:00,Waiting Hall,94.2
SN003,2024-01-01T07:10:00,Food Court,100
SN002,2024-01-01T07:20:00,Waiting Hall,94.1
SN002,2024-01-01T07:30:00,Food Court,92
SN001,2024-01-01T07:40:00,Food Court,100
SN001,2024-01-01T07:50:00,Ticketing Area,91.5
SN002,2024-01-01T08:00:00,Track 3 Entrance,98.8
SN002,2024-01-01T08:10:00,Food Court,100
SN003,2024-01-01T08:20:00,Platform 1,85.8
SN001,2024-01-01T08:30:00,Ticketing Area,100
SN002,2024-01-01T08:40:00,Platform 1,93.8
SN003,2024-01-01T08:50:00,Ticketing Area,96.5
SN002,2024-01-01T09:00:00,Food Court,100
SN001,2024-01-01T09:10:00,Ticketing Area,97.8
SN003,2024-01-01T09:20:00,Food Court,93.3
SN001,2024-01-01T09:30:00,Ticketing Area,95.4
SN002,2024-01-01T09:40:00,Platform 1,95.1
SN001,2024-01-01T09:50:00,Track 3 Entrance,95
SN003,2024-01-01T10:00:00,Platform 1,88.6
SN001,2024-01-01T10:10:00,Platform 1,96.1
SN002,2024-01-01T10:20:00,Track 3 Entrance,89.7
SN002,2024-01-01T10:30:00,Ticketing Area,93.9
SN003,2024-01-01T10:40:00,Track 3 Entrance,89.8
SN003,2024-01-01T10:50:00,Waiting Hall,82
SN002,2024-01-01T11:00:00,Ticketing Area,96.7
SN001,2024-01-01T11:10:00,Platform 1,92.3
SN001,2024-01-01T11:20:00,Ticketing Area,100
SN002,2024-01-01T11:30:00,Food Court,91
SN001,2024-01-01T11:40:00,Track 3 Entrance,98.2
SN001,2024-01-01T11:50:00,Platform 1,91.4
SN001,2024-01-01T12:00:00,Food Court,96.1
SN003,2024-01-01T12:10:00,Platform 1,89
SN003,2024-01-01T12:20:00,Ticketing Area,96
SN003,2024-01-01T12:30:00,Platform 1,91.1
SN001,2024-01-01T12:40:00,Waiting Hall,96.6
SN003,2024-01-01T12:50:00,Track 3 Entrance,91.3
SN002,2024-01-01T13:00:00,Ticketing Area,96.2
SN003,2024-01-01T13:10:00,Waiting Hall,96.7
SN001,2024-01-01T13:20:00,Waiting Hall,88.6
SN003,2024-01-01T13:30:00,Ticketing Area,99.7
SN003,2024-01-01T13:40:00,Food Court,100
SN001,2024-01-01T13:50:00,Waiting Hall,89.7
SN003,2024-01-01T14:00:00,Track 3 Entrance,97.4
SN002,2024-01-01T14:10:00,Platform 1,92
SN003,2024-01-01T14:20:00,Platform 1,95.9
SN001,2024-01-01T14:30:00,Platform 1,89.8
SN003,2024-01-01T14:40:00,Platform 1,95.9
SN001,2024-01-01T14:50:00,Food Court,91.5
SN003,2024-01-01T15:00:00,Food Court,90.6
SN002,2024-01-01T15:10:00,Waiting Hall,98.8
SN003,2024-01-01T15:20:00,Platform 1,90.8
SN002,2024-01-01T15:30:00,Platform 1,87.5
SN002,2024-01-01T15:40:00,Track 3 Entrance,84.7
SN002,2024-01-01T15:50:00,Food Court,90.1
SN001,2024-01-01T16:00:00,Food Court,86.5
SN002,2024-01-01T16:10:00,Platform 1,96.2
SN002,2024-01-01T16:20:00,Waiting Hall,98.2
SN002,2024-01-01T16:30:00,Waiting Hall,100
SN001,2024-01-01T16:40:00,Food Court,86.9
SN001,2024-01-01T16:50:00,Waiting Hall,91.9
SN002,2024-01-01T17:00:00,Track 3 Entrance,89.4
SN003,2024-01-01T17:10:00,Food Court,100
SN001,2024-01-01T17:20:00,Food Court,100
SN001,2024-01-01T17:30:00,Platform 1,96.9
SN002,2024-01-01T17:40:00,Food Court,100
SN002,2024-01-01T17:50:00,Ticketing Area,100
SN003,2024-01-01T18:00:00,Platform 1,100
SN003,2024-01-01T18:10:00,Platform 1,92.3
SN002,2024-01-01T18:20:00,Ticketing Area,100
SN001,2024-01-01T18:30:00,Ticketing Area,100
SN002,2024-01-01T18:40:00,Track 3 Entrance,100
SN003,2024-01-01T18:50:00,Platform 1,100
SN001,2024-01-01T19:00:00,Ticketing Area,94.7
SN002,2024-01-01T19:10:00,Ticketing Area,100
SN001,2024-01-01T19:20:00,Food Court,94.8
SN002,2024-01-01T19:30:00,Waiting Hall,94.3
SN001,2024-01-01T19:40:00,Ticketing Area,98.7
SN003,2024-01-01T19:50:00,Food Court,94.6
SN002,2024-01-01T20:00:00,Platform 1,95.1
SN003,2024-01-01T20:10:00,Waiting Hall,92.5
SN002,2024-01-01T20:20:00,Track 3 Entrance,94.1
SN002,2024-01-01T20:30:00,Waiting Hall,100
SN003,2024-01-01T20:40:00,Food Court,99
SN002,2024-01-01T20:50:00,Waiting Hall,96.3
SN001,2024-01-01T21:00:00,Track 3 Entrance,92.7
SN003,2024-01-01T21:10:00,Food Court,91.6
SN002,2024-01-01T21:20:00,Platform 1,85.9
SN002,2024-01-01T21:30:00,Ticketing Area,97.7
SN002,2024-01-01T21:40:00,Waiting Hall,94
SN003,2024-01-01T21:50:00,Food Court,100
SN001,2024-01-01T22:00:00,Track 3 Entrance,84.4
SN003,2024-01-01T22:10:00,Waiting Hall,80.9
SN003,2024-01-01T22:20:00,Ticketing Area,88.8
SN002,2024-01-01T22:30:00,Platform 1,82.4
SN002,2024-01-01T22:40:00,Platform 1,94
SN003,2024-01-01T22:50:00,Food Court,89.2
SN003,2024-01-01T23:00:00,Platform 1,86.8
SN001,2024-01-01T23:10:00,Ticketing Area,97.9
SN001,2024-01-01T23:20:00,Track 3 Entrance,94
SN001,2024-01-01T23:30:00,Ticketing Area,80.4
SN001,2024-01-01T23:40:00,Waiting Hall,78.5
SN002,2024-01-01T23:50:00,Platform 1,90
SN002,2024-01-02T00:00:00,Food Court,82
SN001,2024-01-02T00:10:00,Food Court,93.3
SN001,2024-01-02T00:20:00,Ticketing Area,88.8
SN001,2024-01-02T00:30:00,Track 3 Entrance,85.3
SN003,2024-01-02T00:40:00,Food Court,92.8
SN002,2024-01-02T00:50:00,Ticketing Area,92.9
SN003,2024-01-02T01:00:00,Track 3 Entrance,98.7
SN002,2024-01-02T01:10:00,Track 3 Entrance,93.7
SN002,2024-01-02T01:20:00,Food Court,97.2
SN001,2024-01-02T01:30:00,Track 3 Entrance,94.2
SN002,2024-01-02T01:40:00,Ticketing Area,92.4
SN003,2024-01-02T01:50:00,Waiting Hall,85.7
SN003,2024-01-02T02:00:00,Track 3 Entrance,88.5
SN001,2024-01-02T02:10:00,Food Court,90.7
SN002,2024-01-02T02:20:00,Track 3 Entrance,90.4
SN002,2024-01-02T02:30:00,Food Court,93.1
SN003,2024-01-02T02:40:00,Track 3 Entrance,100
SN001,2024-01-02T02:50:00,Food Court,89.8
SN002,2024-01-02T03:00:00,Platform 1,93.9
SN003,2024-01-02T03:10:00,Platform 1,88.9
SN002,2024-01-02T03:20:00,Track 3 Entrance,92.2
SN001,2024-01-02T03:30:00,Track 3 Entrance,79.5
SN001,2024-01-02T03:40:00,Waiting Hall,93.8
SN003,2024-01-02T03:50:00,Food Court,96.1
SN002,2024-01-02T04:00:00,Food Court,99.7
SN001,2024-01-02T04:10:00,Food Court,89.9
SN003,2024-01-02T04:20:00,Food Court,100
SN003,2024-01-02T04:30:00,Waiting Hall,95
SN002,2024-01-02T04:40:00,Track 3 Entrance,98.7
SN001,2024-01-02T04:50:00,Ticketing Area,86.6
SN002,2024-01-02T05:00:00,Food Court,84
SN002,2024-01-02T05:10:00,Platform 1,93.8
SN002,2024-01-02T05:20:00,Platform 1,84.5
SN002,2024-01-02T05:30:00,Track 3 Entrance,94.9
SN003,2024-01-02T05:40:00,Food Court,78
SN003,2024-01-02T05:50:00,Waiting Hall,96
SN002,2024-01-02T06:00:00,Track 3 Entrance,90.6
SN002,2024-01-02T06:10:00,Platform 1,88
SN003,2024-01-02T06:20:00,Track 3 Entrance,97.6
SN001,2024-01-02T06:30:00,Food Court,81.6
SN001,2024-01-02T06:40:00,Waiting Hall,83.2
SN001,2024-01-02T06:50:00,Ticketing Area,90.4
SN003,2024-01-02T07:00:00,Ticketing Area,100
SN001,2024-01-02T07:10:00,Waiting Hall,89.7
SN003,2024-01-02T07:20:00,Ticketing Area,100
SN002,2024-01-02T07:30:00,Platform 1,100
SN001,2024-01-02T07:40:00,Track 3 Entrance,100
SN002,2024-01-02T07:50:00,Food Court,100
SN003,2024-01-02T08:00:00,Food Court,100
SN003,2024-01-02T08:10:00,Food Court,96.8
SN001,2024-01-02T08:20:00,Platform 1,100
SN002,2024-01-02T08:30:00,Waiting Hall,91.4
SN002,2024-01-02T08:40:00,Food Court,92.4
SN002,2024-01-02T08:50:00,Food Court,82.6
SN001,2024-01-02T09:00:00,Track 3 Entrance,94.6
SN003,2024-01-02T09:10:00,Platform 1,90.3
SN001,2024-01-02T09:20:00,Waiting Hall,100
SN001,2024-01-02T09:30:00,Waiting Hall,100
SN003,2024-01-02T09:40:00,Ticketing Area,100
SN002,2024-01-02T09:50:00,Food Court,100
SN002,2024-01-02T10:00:00,Waiting Hall,81.5
SN002,2024-01-02T10:10:00,Waiting Hall,84.6
SN001,2024-01-02T10:20:00,Food Court,95.9
SN003,2024-01-02T10:30:00,Platform 1,91.9
SN002,2024-01-02T10:40:00,Platform 1,83.9
SN002,2024-01-02T10:50:00,Waiting Hall,91.1
SN001,2024-01-02T11:00:00,Platform 1,97.5
SN003,2024-01-02T11:10:00,Platform 1,78.2
SN002,2024-01-02T11:20:00,Waiting Hall,98.6
SN002,2024-01-02T11:30:00,Platform 1,97.6
SN001,2024-01-02T11:40:00,Waiting Hall,84.8
SN002,2024-01-02T11:50:00,Platform 1,92.5
SN001,2024-01-02T12:00:00,Food Court,90.4
SN001,2024-01-02T12:10:00,Waiting Hall,100
SN001,2024-01-02T12:20:00,Platform 1,96.4
SN003,2024-01-02T12:30:00,Platform 1,100
SN001,2024-01-02T12:40:00,Waiting Hall,95.7
SN002,2024-01-02T12:50:00,Track 3 Entrance,96.1
SN001,2024-01-02T13:00:00,Waiting Hall,87.9
SN002,2024-01-02T13:10:00,Waiting Hall,89.2
SN003,2024-01-02T13:20:00,Ticketing Area,78.2
SN002,2024-01-02T13:30:00,Ticketing Area,80.4
SN002,2024-01-02T13:40:00,Track 3 Entrance,100
SN001,2024-01-02T13:50:00,Ticketing Area,84.4
SN003,2024-01-02T14:00:00,Ticketing Area,85.4
SN003,2024-01-02T14:10:00,Platform 1,90.7
SN001,2024-01-02T14:20:00,Ticketing Area,92.4
SN001,2024-01-02T14:30:00,Waiting Hall,95.7
SN002,2024-01-02T14:40:00,Waiting Hall,98
SN003,2024-01-02T14:50:00,Food Court,87.9
SN002,2024-01-02T15:00:00,Track 3 Entrance,83.1
SN001,2024-01-02T15:10:00,Track 3 Entrance,93.6
SN003,2024-01-02T15:20:00,Waiting Hall,97.9
SN001,2024-01-02T15:30:00,Ticketing Area,94.8
SN003,2024-01-02T15:40:00,Ticketing Area,89.6
SN003,2024-01-02T15:50:00,Track 3 Entrance,100
SN003,2024-01-02T16:00:00,Ticketing Area,93.2
SN003,2024-01-02T16:10:00,Ticketing Area,93.7
SN001,2024-01-02T16:20:00,Platform 1,86.6
SN001,2024-01-02T16:30:00,Waiting Hall,100
SN002,2024-01-02T16:40:00,Track 3 Entrance,92.4
SN001,2024-01-02T16:50:00,Food Court,92.9
SN001,2024-01-02T17:00:00,Food Court,98.9
SN001,2024-01-02T17:10:00,Food Court,97.9
SN003,2024-01-02T17:20:00,Waiting Hall,86.2
SN001,2024-01-02T17:30:00,Track 3 Entrance,98.7
SN003,2024-01-02T17:40:00,Food Court,97.9
SN002,2024-01-02T17:50:00,Food Court,100
SN003,2024-01-02T18:00:00,Track 3 Entrance,95.4
SN001,2024-01-02T18:10:00,Track 3 Entrance,90.5
SN002,2024-01-02T18:20:00,Food Court,100
SN003,2024-01-02T18:30:00,Food Court,100
SN003,2024-01-02T18:40:00,Food Court,91.8
SN003,2024-01-02T18:50:00,Ticketing Area,87
SN003,2024-01-02T19:00:00,Food Court,93.8
SN003,2024-01-02T19:10:00,Ticketing Area,97.1
SN002,2024-01-02T19:20:00,Platform 1,100
SN001,2024-01-02T19:30:00,Waiting Hall,100
SN002,2024-01-02T19:40:00,Track 3 Entrance,93.3
SN003,2024-01-02T19:50:00,Food Court,93.6
SN001,2024-01-02T20:00:00,Ticketing Area,88.4
SN001,2024-01-02T20:10:00,Waiting Hall,100
SN001,2024-01-02T20:20:00,Track 3 Entrance,87.8
SN001,2024-01-02T20:30:00,Platform 1,100
SN002,2024-01-02T20:40:00,Ticketing Area,97.4
SN002,2024-01-02T20:50:00,Food Court,100
SN002,2024-01-02T21:00:00,Track 3 Entrance,95.8
SN003,2024-01-02T21:10:00,Platform 1,100
SN001,2024-01-02T21:20:00,Track 3 Entrance,92.2
SN001,2024-01-02T21:30:00,Track 3 Entrance,100
SN002,2024-01-02T21:40:00,Track 3 Entrance,95
SN001,2024-01-02T21:50:00,Food Court,86.5
SN003,2024-01-02T22:00:00,Platform 1,84.6
SN001,2024-01-02T22:10:00,Platform 1,89.5
SN002,2024-01-02T22:20:00,Track 3 Entrance,93.2
SN002,2024-01-02T22:30:00,Ticketing Area,86.1
SN002,2024-01-02T22:40:00,Track 3 Entrance,89.1
SN003,2024-01-02T22:50:00,Food Court,94.9
SN001,2024-01-02T23:00:00,Platform 1,92.3
SN001,2024-01-02T23:10:00,Waiting Hall,88.6
SN002,2024-01-02T23:20:00,Track 3 Entrance,95
SN002,2024-01-02T23:30:00,Platform 1,83.7
SN003,2024-01-02T23:40:00,Waiting Hall,94.7
SN003,2024-01-02T23:50:00,Platform 1,98.6
SN001,2024-01-03T00:00:00,Ticketing Area,83.5
SN001,2024-01-03T00:10:00,Track 3 Entrance,89.4
SN002,2024-01-03T00:20:00,Track 3 Entrance,96.6
SN003,2024-01-03T00:30:00,Platform 1,89.8
SN002,2024-01-03T00:40:00,Waiting Hall,91.7
SN002,2024-01-03T00:50:00,Waiting Hall,86.8
SN003,2024-01-03T01:00:00,Ticketing Area,99.2
SN002,2024-01-03T01:10:00,Track 3 Entrance,86.3
SN002,2024-01-03T01:20:00,Waiting Hall,91.9
SN001,2024-01-03T01:30:00,Waiting Hall,91.2
SN001,2024-01-03T01:40:00,Waiting Hall,87.2
SN002,2024-01-03T01:50:00,Platform 1,96.4
SN003,2024-01-03T02:00:00,Ticketing Area,93.1
SN002,2024-01-03T02:10:00,Food Court,98.7
SN002,2024-01-03T02:20:00,Waiting Hall,87.2
SN003,2024-01-03T02:30:00,Ticketing Area,90.7
SN003,2024-01-03T02:40:00,Ticketing Area,86.3
SN003,2024-01-03T02:50:00,Track 3 Entrance,87.8
SN002,2024-01-03T03:00:00,Platform 1,89.6
SN002,2024-01-03T03:10:00,Food Court,100
SN002,2024-01-03T03:20:00,Waiting Hall,92.6
SN001,2024-01-03T03:30:00,Waiting Hall,99.8
SN002,2024-01-03T03:40:00,Food Court,81.1
SN001,2024-01-03T03:50:00,Track 3 Entrance,85.7
SN003,2024-01-03T04:00:00,Platform 1,96.1
SN002,2024-01-03T04:10:00,Track 3 Entrance,87.4
SN001,2024-01-03T04:20:00,Food Court,90.3
SN003,2024-01-03T04:30:00,Food Court,93.4
SN002,2024-01-03T04:40:00,Waiting Hall,87.5
SN002,2024-01-03T04:50:00,Track 3 Entrance,91.9
SN003,2024-01-03T05:00:00,Ticketing Area,98.1
SN001,2024-01-03T05:10:00,Waiting Hall,94.6
SN003,2024-01-03T05:20:00,Waiting Hall,84.7
SN003,2024-01-03T05:30:00,Track 3 Entrance,100
SN001,2024-01-03T05:40:00,Track 3 Entrance,87
SN001,2024-01-03T05:50:00,Track 3 Entrance,95.3
SN002,2024-01-03T06:00:00,Food Court,97.3
SN003,2024-01-03T06:10:00,Food Court,92.4
SN001,2024-01-03T06:20:00,Platform 1,88.6
SN003,2024-01-03T06:30:00,Track 3 Entrance,91
SN002,2024-01-03T06:40:00,Food Court,89.2
SN001,2024-01-03T06:50:00,Food Court,81.2
SN001,2024-01-03T07:00:00,Waiting Hall,100
SN001,2024-01-03T07:10:00,Track 3 Entrance,100
SN003,2024-01-03T07:20:00,Food Court,85.6
SN001,2024-01-03T07:30:00,Platform 1,98.1
SN002,2024-01-03T07:40:00,Track 3 Entrance,100
SN001,2024-01-03T07:50:00,Food Court,89.5
SN002,2024-01-03T08:00:00,Waiting Hall,100
SN002,2024-01-03T08:10:00,Waiting Hall,91.6
SN002,2024-01-03T08:20:00,Platform 1,98.5
SN001,2024-01-03T08:30:00,Track 3 Entrance,92.1
SN002,2024-01-03T08:40:00,Ticketing Area,98.8
SN002,2024-01-03T08:50:00,Food Court,94.5
SN001,2024-01-03T09:00:00,Food Court,90.3
SN002,2024-01-03T09:10:00,Food Court,88.6
SN001,2024-01-03T09:20:00,Track 3 Entrance,94.1
SN003,2024-01-03T09:30:00,Ticketing Area,100
SN001,2024-01-03T09:40:00,Food Court,100
SN002,2024-01-03T09:50:00,Waiting Hall,95.8
SN002,2024-01-03T10:00:00,Food Court,84.8
SN001,2024-01-03T10:10:00,Track 3 Entrance,84.8
SN002,2024-01-03T10:20:00,Platform 1,87.1
SN003,2024-01-03T10:30:00,Platform 1,98.1
SN002,2024-01-03T10:40:00,Platform 1,84.2
SN003,2024-01-03T10:50:00,Ticketing Area,89.3
SN002,2024-01-03T11:00:00,Track 3 Entrance,100
SN002,2024-01-03T11:10:00,Track 3 Entrance,98.4
SN003,2024-01-03T11:20:00,Ticketing Area,82.3
SN003,2024-01-03T11:30:00,Ticketing Area,90
SN002,2024-01-03T11:40:00,Track 3 Entrance,96.6
SN002,2024-01-03T11:50:00,Waiting Hall,100
SN001,2024-01-03T12:00:00,Platform 1,100
SN003,2024-01-03T12:10:00,Platform 1,91.8
SN001,2024-01-03T12:20:00,Waiting Hall,94.8
SN001,2024-01-03T12:30:00,Platform 1,99.7
SN003,2024-01-03T12:40:00,Waiting Hall,98.8
SN002,2024-01-03T12:50:00,Track 3 Entrance,94.4
SN001,2024-01-03T13:00:00,Platform 1,90.5
SN001,2024-01-03T13:10:00,Track 3 Entrance,97.9
SN003,2024-01-03T13:20:00,Waiting Hall,82.1
SN002,2024-01-03T13:30:00,Track 3 Entrance,94
SN002,2024-01-03T13:40:00,Platform 1,91.5
SN003,2024-01-03T13:50:00,Waiting Hall,100
SN002,2024-01-03T14:00:00,Waiting Hall,100
SN001,2024-01-03T14:10:00,Platform 1,96.1
SN002,2024-01-03T14:20:00,Platform 1,100
SN001,2024-01-03T14:30:00,Platform 1,98.4
SN002,2024-01-03T14:40:00,Platform 1,97.2
SN002,2024-01-03T14:50:00,Food Court,98.2
SN002,2024-01-03T15:00:00,Track 3 Entrance,83.6
SN001,2024-01-03T15:10:00,Track 3 Entrance,100
SN002,2024-01-03T15:20:00,Waiting Hall,87.1
SN001,2024-01-03T15:30:00,Ticketing Area,99.4
SN001,2024-01-03T15:40:00,Food Court,100
SN002,2024-01-03T15:50:00,Waiting Hall,87.2
SN001,2024-01-03T16:00:00,Waiting Hall,93.7
SN003,2024-01-03T16:10:00,Waiting Hall,79.1
SN003,2024-01-03T16:20:00,Food Court,84.1
SN001,2024-01-03T16:30:00,Ticketing Area,93.7
SN002,2024-01-03T16:40:00,Track 3 Entrance,92.6
SN002,2024-01-03T16:50:00,Platform 1,84.2
SN002,2024-01-03T17:00:00,Ticketing Area,93.4
SN003,2024-01-03T17:10:00,Ticketing Area,100
SN003,2024-01-03T17:20:00,Waiting Hall,96.9
SN002,2024-01-03T17:30:00,Platform 1,100
SN002,2024-01-03T17:40:00,Food Court,100
SN002,2024-01-03T17:50:00,Waiting Hall,99.4
SN001,2024-01-03T18:00:00,Track 3 Entrance,100
SN002,2024-01-03T18:10:00,Food Court,92.9
SN001,2024-01-03T18:20:00,Ticketing Area,100
SN003,2024-01-03T18:30:00,Food Court,90.3
SN003,2024-01-03T18:40:00,Ticketing Area,95.8
SN003,2024-01-03T18:50:00,Waiting Hall,97.1
SN002,2024-01-03T19:00:00,Food Court,95.4
SN002,2024-01-03T19:10:00,Ticketing Area,85
SN003,2024-01-03T19:20:00,Food Court,100
SN001,2024-01-03T19:30:00,Ticketing Area,100
SN001,2024-01-03T19:40:00,Platform 1,97.1
SN002,2024-01-03T19:50:00,Waiting Hall,92.6
SN003,2024-01-03T20:00:00,Platform 1,88.4
SN002,2024-01-03T20:10:00,Ticketing Area,96.5
SN002,2024-01-03T20:20:00,Ticketing Area,96.5
SN003,2024-01-03T20:30:00,Ticketing Area,100
SN003,2024-01-03T20:40:00,Track 3 Entrance,92
SN003,2024-01-03T20:50:00,Ticketing Area,96
SN001,2024-01-03T21:00:00,Platform 1,90.3
SN001,2024-01-03T21:10:00,Platform 1,95.3
SN002,2024-01-03T21:20:00,Food Court,79.2
SN003,2024-01-03T21:30:00,Food Court,90.5
SN002,2024-01-03T21:40:00,Ticketing Area,79.2
SN003,2024-01-03T21:50:00,Ticketing Area,88.2
SN002,2024-01-03T22:00:00,Platform 1,87.1
SN003,2024-01-03T22:10:00,Track 3 Entrance,100
SN002,2024-01-03T22:20:00,Food Court,78.2
SN001,2024-01-03T22:30:00,Waiting Hall,85.3
SN002,2024-01-03T22:40:00,Food Court,91.8
SN001,2024-01-03T22:50:00,Waiting Hall,97.5
SN002,2024-01-03T23:00:00,Food Court,100
SN002,2024-01-03T23:10:00,Platform 1,90.1
SN002,2024-01-03T23:20:00,Platform 1,94.7
SN002,2024-01-03T23:30:00,Ticketing Area,88.8
SN002,2024-01-03T23:40:00,Platform 1,99.1
SN001,2024-01-03T23:50:00,Platform 1,94.5
SN002,2024-01-04T00:00:00,Waiting Hall,91.8
SN003,2024-01-04T00:10:00,Platform 1,96.8
SN002,2024-01-04T00:20:00,Ticketing Area,93.4
SN002,2024-01-04T00:30:00,Track 3 Entrance,85.3
SN003,2024-01-04T00:40:00,Waiting Hall,95.5
SN003,2024-01-04T00:50:00,Ticketing Area,94.9
SN002,2024-01-04T01:00:00,Ticketing Area,83.6
SN002,2024-01-04T01:10:00,Waiting Hall,100
SN002,2024-01-04T01:20:00,Food Court,96.8
SN001,2024-01-04T01:30:00,Track 3 Entrance,93.2
SN001,2024-01-04T01:40:00,Track 3 Entrance,89.2
SN001,2024-01-04T01:50:00,Track 3 Entrance,94.2
SN001,2024-01-04T02:00:00,Food Court,88.5
SN002,2024-01-04T02:10:00,Ticketing Area,100
SN003,2024-01-04T02:20:00,Platform 1,88.2
SN003,2024-01-04T02:30:00,Platform 1,98.9
SN002,2024-01-04T02:40:00,Platform 1,91.8
SN003,2024-01-04T02:50:00,Waiting Hall,93.1
SN002,2024-01-04T03:00:00,Track 3 Entrance,92.2
SN003,2024-01-04T03:10:00,Track 3 Entrance,97.8
SN001,2024-01-04T03:20:00,Platform 1,91.2
SN002,2024-01-04T03:30:00,Track 3 Entrance,95.1
SN002,2024-01-04T03:40:00,Track 3 Entrance,90.2
SN001,2024-01-04T03:50:00,Track 3 Entrance,93.8
SN002,2024-01-04T04:00:00,Platform 1,84.8
SN003,2024-01-04T04:10:00,Platform 1,88.1
SN003,2024-01-04T04:20:00,Waiting Hall,96.7
SN001,2024-01-04T04:30:00,Food Court,90.5
SN002,2024-01-04T04:40:00,Ticketing Area,94.8
SN001,2024-01-04T04:50:00,Ticketing Area,93.5
SN001,2024-01-04T05:00:00,Food Court,81.3
SN003,2024-01-04T05:10:00,Food Court,97.3
SN001,2024-01-04T05:20:00,Food Court,92.3
SN001,2024-01-04T05:30:00,Food Court,90.4
SN003,2024-01-04T05:40:00,Platform 1,97.3
SN003,2024-01-04T05:50:00,Ticketing Area,86.6
SN001,2024-01-04T06:00:00,Platform 1,91.9
SN003,2024-01-04T06:10:00,Food Court,95.3
SN002,2024-01-04T06:20:00,Ticketing Area,80.6
SN001,2024-01-04T06:30:00,Food Court,92.5
SN001,2024-01-04T06:40:00,Waiting Hall,89.1
SN001,2024-01-04T06:50:00,Food Court,84.8
SN001,2024-01-04T07:00:00,Platform 1,86.2
SN001,2024-01-04T07:10:00,Ticketing Area,98.9
SN002,2024-01-04T07:20:00,Track 3 Entrance,100
SN003,2024-01-04T07:30:00,Ticketing Area,100
SN001,2024-01-04T07:40:00,Ticketing Area,85.9
SN002,2024-01-04T07:50:00,Food Court,100
SN002,2024-01-04T08:00:00,Waiting Hall,93.7
SN001,2024-01-04T08:10:00,Platform 1,96.9
SN001,2024-01-04T08:20:00,Food Court,99.4
SN002,2024-01-04T08:30:00,Waiting Hall,92.3
SN002,2024-01-04T08:40:00,Waiting Hall,95
SN001,2024-01-04T08:50:00,Food Court,98.5
SN002,2024-01-04T09:00:00,Platform 1,100
SN001,2024-01-04T09:10:00,Waiting Hall,99.6
SN002,2024-01-04T09:20:00,Track 3 Entrance,100
SN002,2024-01-04T09:30:00,Food Court,88
SN002,2024-01-04T09:40:00,Waiting Hall,100
SN001,2024-01-04T09:50:00,Ticketing Area,89.9
SN001,2024-01-04T10:00:00,Ticketing Area,91.1
SN003,2024-01-04T10:10:00,Waiting Hall,83.6
SN003,2024-01-04T10:20:00,Platform 1,89.4
SN003,2024-01-04T10:30:00,Platform 1,81.8
SN001,2024-01-04T10:40:00,Platform 1,93.7
SN001,2024-01-04T10:50:00,Food Court,90.3
SN002,2024-01-04T11:00:00,Food Court,84.5
SN003,2024-01-04T11:10:00,Track 3 Entrance,84.2
SN002,2024-01-04T11:20:00,Track 3 Entrance,87.8
SN003,2024-01-04T11:30:00,Ticketing Area,88
SN003,2024-01-04T11:40:00,Ticketing Area,81.1
SN002,2024-01-04T11:50:00,Platform 1,92.7
SN002,2024-01-04T12:00:00,Food Court,91.8
SN003,2024-01-04T12:10:00,Ticketing Area,95.7
SN003,2024-01-04T12:20:00,Waiting Hall,94.5
SN003,2024-01-04T12:30:00,Waiting Hall,84.6
SN001,2024-01-04T12:40:00,Platform 1,91.6
SN001,2024-01-04T12:50:00,Food Court,90.6
SN002,2024-01-04T13:00:00,Ticketing Area,90.3
SN003,2024-01-04T13:10:00,Ticketing Area,92.1
SN003,2024-01-04T13:20:00,Food Court,89.1
SN002,2024-01-04T13:30:00,Food Court,100
SN003,2024-01-04T13:40:00,Platform 1,97.6
SN003,2024-01-04T13:50:00,Track 3 Entrance,100
SN002,2024-01-04T14:00:00,Ticketing Area,92.7
SN002,2024-01-04T14:10:00,Food Court,94.8
SN002,2024-01-04T14:20:00,Waiting Hall,97.9
SN002,2024-01-04T14:30:00,Track 3 Entrance,96.8
SN001,2024-01-04T14:40:00,Ticketing Area,94.2
SN001,2024-01-04T14:50:00,Platform 1,91.6
SN002,2024-01-04T15:00:00,Track 3 Entrance,91.8
SN002,2024-01-04T15:10:00,Ticketing Area,91.9
SN003,2024-01-04T15:20:00,Platform 1,84.5
SN003,2024-01-04T15:30:00,Track 3 Entrance,100
SN001,2024-01-04T15:40:00,Platform 1,94.7
SN001,2024-01-04T15:50:00,Ticketing Area,99.5
SN003,2024-01-04T16:00:00,Food Court,95.8
SN003,2024-01-04T16:10:00,Platform 1,77.7
SN002,2024-01-04T16:20:00,Waiting Hall,89.5
SN002,2024-01-04T16:30:00,Ticketing Area,97.4
SN003,2024-01-04T16:40:00,Ticketing Area,83.7
SN001,2024-01-04T16:50:00,Ticketing Area,90.5
SN001,2024-01-04T17:00:00,Waiting Hall,98.2
SN002,2024-01-04T17:10:00,Platform 1,96.9
SN003,2024-01-04T17:20:00,Ticketing Area,91.7
SN002,2024-01-04T17:30:00,Ticketing Area,100
SN001,2024-01-04T17:40:00,Food Court,100
SN003,2024-01-04T17:50:00,Ticketing Area,100
SN003,2024-01-04T18:00:00,Food Court,91.2
SN001,2024-01-04T18:10:00,Track 3 Entrance,93.3
SN003,2024-01-04T18:20:00,Track 3 Entrance,100
SN002,2024-01-04T18:30:00,Ticketing Area,100
SN001,2024-01-04T18:40:00,Platform 1,92.6
SN003,2024-01-04T18:50:00,Platform 1,88.1
SN002,2024-01-04T19:00:00,Waiting Hall,100
SN002,2024-01-04T19:10:00,Track 3 Entrance,98.8
SN001,2024-01-04T19:20:00,Waiting Hall,100
SN003,2024-01-04T19:30:00,Waiting Hall,92.7
SN001,2024-01-04T19:40:00,Waiting Hall,100
SN002,2024-01-04T19:50:00,Platform 1,98.1
SN001,2024-01-04T20:00:00,Ticketing Area,91.6
SN003,2024-01-04T20:10:00,Ticketing Area,96.2
SN002,2024-01-04T20:20:00,Ticketing Area,100
SN001,2024-01-04T20:30:00,Food Court,93.3
SN003,2024-01-04T20:40:00,Waiting Hall,88
SN003,2024-01-04T20:50:00,Waiting Hall,100
SN001,2024-01-04T21:00:00,Ticketing Area,88.2
SN002,2024-01-04T21:10:00,Waiting Hall,100
SN003,2024-01-04T21:20:00,Ticketing Area,100
SN002,2024-01-04T21:30:00,Platform 1,86.5
SN001,2024-01-04T21:40:00,Food Court,89.4
SN002,2024-01-04T21:50:00,Food Court,88.8
SN001,2024-01-04T22:00:00,Ticketing Area,96.7
SN001,2024-01-04T22:10:00,Food Court,85.2
SN002,2024-01-04T22:20:00,Platform 1,89.7
SN003,2024-01-04T22:30:00,Ticketing Area,91.8
SN003,2024-01-04T22:40:00,Track 3 Entrance,94.2
SN003,2024-01-04T22:50:00,Waiting Hall,84.2
SN001,2024-01-04T23:00:00,Platform 1,88.6
SN001,2024-01-04T23:10:00,Track 3 Entrance,93.9
SN003,2024-01-04T23:20:00,Ticketing Area,91.8
SN001,2024-01-04T23:30:00,Waiting Hall,91.3
SN003,2024-01-04T23:40:00,Platform 1,91.2
SN002,2024-01-04T23:50:00,Ticketing Area,85.9
SN001,2024-01-05T00:00:00,Platform 1,86.7
SN002,2024-01-05T00:10:00,Waiting Hall,95
SN002,2024-01-05T00:20:00,Platform 1,89.7
SN003,2024-01-05T00:30:00,Track 3 Entrance,95.4
SN001,2024-01-05T00:40:00,Waiting Hall,85.6
SN003,2024-01-05T00:50:00,Track 3 Entrance,87.4
SN002,2024-01-05T01:00:00,Waiting Hall,95.4
SN002,2024-01-05T01:10:00,Ticketing Area,84.3
SN001,2024-01-05T01:20:00,Ticketing Area,80.4
SN001,2024-01-05T01:30:00,Platform 1,86.7
SN002,2024-01-05T01:40:00,Food Court,88
SN001,2024-01-05T01:50:00,Food Court,93.4
SN003,2024-01-05T02:00:00,Waiting Hall,92.3
SN002,2024-01-05T02:10:00,Platform 1,94.4
SN002,2024-01-05T02:20:00,Track 3 Entrance,85.2
SN001,2024-01-05T02:30:00,Waiting Hall,83.4
SN001,2024-01-05T02:40:00,Ticketing Area,93.7
SN003,2024-01-05T02:50:00,Waiting Hall,84.5
SN001,2024-01-05T03:00:00,Ticketing Area,100
SN003,2024-01-05T03:10:00,Ticketing Area,100
SN001,2024-01-05T03:20:00,Food Court,90.4
SN001,2024-01-05T03:30:00,Waiting Hall,87.5
SN002,2024-01-05T03:40:00,Track 3 Entrance,87.6
SN001,2024-01-05T03:50:00,Ticketing Area,88.1
SN002,2024-01-05T04:00:00,Track 3 Entrance,90.2
SN003,2024-01-05T04:10:00,Food Court,86.5
SN001,2024-01-05T04:20:00,Food Court,87.9
SN003,2024-01-05T04:30:00,Food Court,93.6
SN002,2024-01-05T04:40:00,Ticketing Area,94.7
SN003,2024-01-05T04:50:00,Ticketing Area,99.7
SN003,2024-01-05T05:00:00,Track 3 Entrance,88.3
SN002,2024-01-05T05:10:00,Waiting Hall,88
SN001,2024-01-05T05:20:00,Track 3 Entrance,96.6
SN003,2024-01-05T05:30:00,Ticketing Area,94.4
SN002,2024-01-05T05:40:00,Platform 1,86.4
SN002,2024-01-05T05:50:00,Track 3 Entrance,100
SN003,2024-01-05T06:00:00,Track 3 Entrance,96.3
SN001,2024-01-05T06:10:00,Waiting Hall,98.8
SN001,2024-01-05T06:20:00,Platform 1,96.2
SN002,2024-01-05T06:30:00,Waiting Hall,100
SN002,2024-01-05T06:40:00,Food Court,84.5
SN001,2024-01-05T06:50:00,Ticketing Area,97.1
SN001,2024-01-05T07:00:00,Ticketing Area,95.3
SN002,2024-01-05T07:10:00,Food Court,100
SN001,2024-01-05T07:20:00,Food Court,100
SN002,2024-01-05T07:30:00,Track 3 Entrance,100
SN001,2024-01-05T07:40:00,Waiting Hall,100
SN003,2024-01-05T07:50:00,Ticketing Area,97.3
SN003,2024-01-05T08:00:00,Food Court,100
SN003,2024-01-05T08:10:00,Track 3 Entrance,91.3
SN003,2024-01-05T08:20:00,Track 3 Entrance,100
SN001,2024-01-05T08:30:00,Ticketing Area,98.2
SN002,2024-01-05T08:40:00,Ticketing Area,96.5
SN002,2024-01-05T08:50:00,Food Court,100
SN001,2024-01-05T09:00:00,Track 3 Entrance,96.1
SN003,2024-01-05T09:10:00,Platform 1,95.5
SN001,2024-01-05T09:20:00,Waiting Hall,93.3
SN002,2024-01-05T09:30:00,Platform 1,92.4
SN003,2024-01-05T09:40:00,Waiting Hall,95.8
SN001,2024-01-05T09:50:00,Platform 1,94.3
SN003,2024-01-05T10:00:00,Food Court,85.7
SN002,2024-01-05T10:10:00,Platform 1,93
SN003,2024-01-05T10:20:00,Track 3 Entrance,95.1
SN001,2024-01-05T10:30:00,Food Court,100
SN001,2024-01-05T10:40:00,Food Court,78.1
SN001,2024-01-05T10:50:00,Food Court,85.2
SN002,2024-01-05T11:00:00,Food Court,86
SN003,2024-01-05T11:10:00,Track 3 Entrance,90.4
SN003,2024-01-05T11:20:00,Waiting Hall,89.6
SN002,2024-01-05T11:30:00,Waiting Hall,93.1
SN003,2024-01-05T11:40:00,Ticketing Area,83.7
SN003,2024-01-05T11:50:00,Ticketing Area,98.9
SN001,2024-01-05T12:00:00,Waiting Hall,94.8
SN002,2024-01-05T12:10:00,Waiting Hall,86.4
SN003,2024-01-05T12:20:00,Ticketing Area,99.4
SN001,2024-01-05T12:30:00,Ticketing Area,83.9
SN001,2024-01-05T12:40:00,Platform 1,100
SN001,2024-01-05T12:50:00,Ticketing Area,96.7
SN002,2024-01-05T13:00:00,Waiting Hall,97.6
SN001,2024-01-05T13:10:00,Food Court,87.2
SN002,2024-01-05T13:20:00,Ticketing Area,84.6
SN002,2024-01-05T13:30:00,Platform 1,94.9
SN001,2024-01-05T13:40:00,Food Court,85.4
SN003,2024-01-05T13:50:00,Platform 1,91.3
SN002,2024-01-05T14:00:00,Waiting Hall,96
SN003,2024-01-05T14:10:00,Track 3 Entrance,96.2
SN002,2024-01-05T14:20:00,Waiting Hall,87.1
SN003,2024-01-05T14:30:00,Track 3 Entrance,92.9
SN003,2024-01-05T14:40:00,Track 3 Entrance,96.2
SN001,2024-01-05T14:50:00,Waiting Hall,95.1
SN002,2024-01-05T15:00:00,Ticketing Area,89.1
SN003,2024-01-05T15:10:00,Track 3 Entrance,95.1
SN001,2024-01-05T15:20:00,Ticketing Area,90.7
SN002,2024-01-05T15:30:00,Waiting Hall,100
SN002,2024-01-05T15:40:00,Track 3 Entrance,87.8
SN003,2024-01-05T15:50:00,Ticketing Area,97.3
SN003,2024-01-05T16:00:00,Ticketing Area,91.5
SN003,2024-01-05T16:10:00,Platform 1,91
SN002,2024-01-05T16:20:00,Platform 1,88.9
SN003,2024-01-05T16:30:00,Platform 1,87
SN003,2024-01-05T16:40:00,Platform 1,87.9
SN002,2024-01-05T16:50:00,Platform 1,93.6
SN001,2024-01-05T17:00:00,Ticketing Area,100
SN002,2024-01-05T17:10:00,Food Court,100
SN002,2024-01-05T17:20:00,Ticketing Area,93.8
SN001,2024-01-05T17:30:00,Track 3 Entrance,93.4
SN003,2024-01-05T17:40:00,Track 3 Entrance,92.5
SN002,2024-01-05T17:50:00,Platform 1,88.1
SN003,2024-01-05T18:00:00,Ticketing Area,99.9
SN002,2024-01-05T18:10:00,Food Court,100
SN002,2024-01-05T18:20:00,Food Court,93.4
SN001,2024-01-05T18:30:00,Track 3 Entrance,100
SN003,2024-01-05T18:40:00,Ticketing Area,95.7
SN001,2024-01-05T18:50:00,Track 3 Entrance,100
SN002,2024-01-05T19:00:00,Ticketing Area,85.6
SN002,2024-01-05T19:10:00,Platform 1,95
SN002,2024-01-05T19:20:00,Track 3 Entrance,96.1
SN002,2024-01-05T19:30:00,Ticketing Area,92.6
SN001,2024-01-05T19:40:00,Track 3 Entrance,100
SN001,2024-01-05T19:50:00,Platform 1,100
SN003,2024-01-05T20:00:00,Ticketing Area,95.5
SN002,2024-01-05T20:10:00,Food Court,100
SN003,2024-01-05T20:20:00,Waiting Hall,96.2
SN002,2024-01-05T20:30:00,Platform 1,92.1
SN003,2024-01-05T20:40:00,Track 3 Entrance,100
SN002,2024-01-05T20:50:00,Waiting Hall,95
SN002,2024-01-05T21:00:00,Food Court,98.6
SN001,2024-01-05T21:10:00,Track 3 Entrance,85.4
SN002,2024-01-05T21:20:00,Food Court,100
SN001,2024-01-05T21:30:00,Track 3 Entrance,96.6
SN002,2024-01-05T21:40:00,Platform 1,97.9
SN003,2024-01-05T21:50:00,Ticketing Area,100
SN001,2024-01-05T22:00:00,Food Court,97.3
SN003,2024-01-05T22:10:00,Track 3 Entrance,91
SN003,2024-01-05T22:20:00,Platform 1,100
SN003,2024-01-05T22:30:00,Platform 1,87.5
SN001,2024-01-05T22:40:00,Waiting Hall,100
SN002,2024-01-05T22:50:00,Track 3 Entrance,94.7
SN003,2024-01-05T23:00:00,Waiting Hall,97.7
SN003,2024-01-05T23:10:00,Track 3 Entrance,100
SN001,2024-01-05T23:20:00,Track 3 Entrance,89.6
SN003,2024-01-05T23:30:00,Track 3 Entrance,90.1
SN001,2024-01-05T23:40:00,Food Court,97.7
SN001,2024-01-05T23:50:00,Platform 1,93
SN002,2024-01-06T00:00:00,Waiting Hall,93.1
SN001,2024-01-06T00:10:00,Ticketing Area,100
SN003,2024-01-06T00:20:00,Platform 1,94.8
SN002,2024-01-06T00:30:00,Platform 1,89
SN001,2024-01-06T00:40:00,Platform 1,90
SN003,2024-01-06T00:50:00,Waiting Hall,91.3
SN003,2024-01-06T01:00:00,Waiting Hall,90.6
SN001,2024-01-06T01:10:00,Platform 1,92
SN001,2024-01-06T01:20:00,Waiting Hall,90.1
SN002,2024-01-06T01:30:00,Waiting Hall,91.4
SN002,2024-01-06T01:40:00,Ticketing Area,99.1
SN003,2024-01-06T01:50:00,Waiting Hall,83.6
SN002,2024-01-06T02:00:00,Food Court,87.7
SN002,2024-01-06T02:10:00,Ticketing Area,93.5
SN002,2024-01-06T02:20:00,Track 3 Entrance,84.5
SN001,2024-01-06T02:30:00,Food Court,88.9
SN001,2024-01-06T02:40:00,Waiting Hall,89
SN002,2024-01-06T02:50:00,Food Court,90.2
SN001,2024-01-06T03:00:00,Platform 1,88.7
SN001,2024-01-06T03:10:00,Waiting Hall,89.8
SN001,2024-01-06T03:20:00,Food Court,93.5
SN003,2024-01-06T03:30:00,Track 3 Entrance,90.5
SN001,2024-01-06T03:40:00,Waiting Hall,93.3
SN001,2024-01-06T03:50:00,Platform 1,95.3
SN001,2024-01-06T04:00:00,Waiting Hall,86.4
SN001,2024-01-06T04:10:00,Waiting Hall,92.8
SN002,2024-01-06T04:20:00,Food Court,90.9
SN003,2024-01-06T04:30:00,Ticketing Area,78.8
SN003,2024-01-06T04:40:00,Ticketing Area,96.1
SN001,2024-01-06T04:50:00,Platform 1,86.5
SN002,2024-01-06T05:00:00,Food Court,91.9
SN003,2024-01-06T05:10:00,Food Court,95.5
SN003,2024-01-06T05:20:00,Food Court,100
SN002,2024-01-06T05:30:00,Platform 1,93
SN003,2024-01-06T05:40:00,Track 3 Entrance,95.7
SN002,2024-01-06T05:50:00,Ticketing Area,87.5
SN003,2024-01-06T06:00:00,Waiting Hall,93.9
SN003,2024-01-06T06:10:00,Platform 1,85.7
SN001,2024-01-06T06:20:00,Food Court,97.1
SN003,2024-01-06T06:30:00,Platform 1,89.4
SN003,2024-01-06T06:40:00,Food Court,82
SN003,2024-01-06T06:50:00,Track 3 Entrance,85.6
SN002,2024-01-06T07:00:00,Ticketing Area,97.8
SN001,2024-01-06T07:10:00,Waiting Hall,100
SN001,2024-01-06T07:20:00,Track 3 Entrance,81.9
SN002,2024-01-06T07:30:00,Food Court,100
SN002,2024-01-06T07:40:00,Track 3 Entrance,99.4
SN002,2024-01-06T07:50:00,Waiting Hall,92.6
SN002,2024-01-06T08:00:00,Track 3 Entrance,90.3
SN002,2024-01-06T08:10:00,Ticketing Area,100
SN002,2024-01-06T08:20:00,Track 3 Entrance,100
SN002,2024-01-06T08:30:00,Food Court,100
SN001,2024-01-06T08:40:00,Platform 1,100
SN001,2024-01-06T08:50:00,Track 3 Entrance,99
SN002,2024-01-06T09:00:00,Ticketing Area,100
SN001,2024-01-06T09:10:00,Food Court,100
SN003,2024-01-06T09:20:00,Ticketing Area,92.9
SN001,2024-01-06T09:30:00,Ticketing Area,100
SN002,2024-01-06T09:40:00,Food Court,100
SN001,2024-01-06T09:50:00,Platform 1,91.2
SN001,2024-01-06T10:00:00,Platform 1,98.4
SN002,2024-01-06T10:10:00,Track 3 Entrance,92.4
SN002,2024-01-06T10:20:00,Ticketing Area,84.9
SN002,2024-01-06T10:30:00,Food Court,88.2
SN002,2024-01-06T10:40:00,Track 3 Entrance,95.5
SN001,2024-01-06T10:50:00,Waiting Hall,100
SN001,2024-01-06T11:00:00,Track 3 Entrance,96.5
SN002,2024-01-06T11:10:00,Food Court,86.3
SN002,2024-01-06T11:20:00,Waiting Hall,89.2
SN003,2024-01-06T11:30:00,Ticketing Area,96
SN003,2024-01-06T11:40:00,Platform 1,100
SN001,2024-01-06T11:50:00,Track 3 Entrance,94.3
SN002,2024-01-06T12:00:00,Track 3 Entrance,100
SN003,2024-01-06T12:10:00,Track 3 Entrance,97.9
SN002,2024-01-06T12:20:00,Platform 1,88.5
SN001,2024-01-06T12:30:00,Platform 1,90.9
SN001,2024-01-06T12:40:00,Food Court,96.6
SN001,2024-01-06T12:50:00,Ticketing Area,93.5
SN001,2024-01-06T13:00:00,Track 3 Entrance,97.3
SN002,2024-01-06T13:10:00,Food Court,92.2
SN002,2024-01-06T13:20:00,Platform 1,93.8
SN002,2024-01-06T13:30:00,Track 3 Entrance,85.3
SN003,2024-01-06T13:40:00,Waiting Hall,89.2
SN003,2024-01-06T13:50:00,Waiting Hall,99.8
SN001,2024-01-06T14:00:00,Platform 1,100
SN001,2024-01-06T14:10:00,Waiting Hall,93.7
SN002,2024-01-06T14:20:00,Ticketing Area,100
SN003,2024-01-06T14:30:00,Ticketing Area,95.5
SN002,2024-01-06T14:40:00,Food Court,96.5
SN001,2024-01-06T14:50:00,Waiting Hall,91.8
SN002,2024-01-06T15:00:00,Waiting Hall,87.5
SN001,2024-01-06T15:10:00,Platform 1,92.7
SN002,2024-01-06T15:20:00,Ticketing Area,97.3
SN003,2024-01-06T15:30:00,Platform 1,100
SN001,2024-01-06T15:40:00,Track 3 Entrance,93.8
SN003,2024-01-06T15:50:00,Platform 1,99.7
SN001,2024-01-06T16:00:00,Ticketing Area,82.5
SN001,2024-01-06T16:10:00,Ticketing Area,96.4
SN003,2024-01-06T16:20:00,Ticketing Area,93.2
SN001,2024-01-06T16:30:00,Track 3 Entrance,86.6
SN002,2024-01-06T16:40:00,Ticketing Area,80.3
SN002,2024-01-06T16:50:00,Track 3 Entrance,83.6
SN001,2024-01-06T17:00:00,Track 3 Entrance,97.9
SN001,2024-01-06T17:10:00,Waiting Hall,100
SN001,2024-01-06T17:20:00,Ticketing Area,100
SN003,2024-01-06T17:30:00,Platform 1,93.3
SN001,2024-01-06T17:40:00,Platform 1,100
SN002,2024-01-06T17:50:00,Track 3 Entrance,99.3
SN001,2024-01-06T18:00:00,Platform 1,98.6
SN003,2024-01-06T18:10:00,Platform 1,98
SN001,2024-01-06T18:20:00,Platform 1,88.9
SN003,2024-01-06T18:30:00,Ticketing Area,98.9
SN001,2024-01-06T18:40:00,Ticketing Area,95.9
SN002,2024-01-06T18:50:00,Ticketing Area,97.4
SN001,2024-01-06T19:00:00,Platform 1,100
SN001,2024-01-06T19:10:00,Waiting Hall,100
SN001,2024-01-06T19:20:00,Ticketing Area,100
SN003,2024-01-06T19:30:00,Food Court,97.7
SN003,2024-01-06T19:40:00,Track 3 Entrance,90.4
SN002,2024-01-06T19:50:00,Track 3 Entrance,97.2
SN003,2024-01-06T20:00:00,Waiting Hall,100
SN003,2024-01-06T20:10:00,Platform 1,93.9
SN001,2024-01-06T20:20:00,Waiting Hall,98.8
SN001,2024-01-06T20:30:00,Ticketing Area,100
SN001,2024-01-06T20:40:00,Platform 1,100
SN001,2024-01-06T20:50:00,Track 3 Entrance,91
SN003,2024-01-06T21:00:00,Platform 1,100
SN002,2024-01-06T21:10:00,Platform 1,96.8
SN003,2024-01-06T21:20:00,Track 3 Entrance,100
SN003,2024-01-06T21:30:00,Food Court,97.9
SN003,2024-01-06T21:40:00,Ticketing Area,92
SN001,2024-01-06T21:50:00,Waiting Hall,89.1
SN001,2024-01-06T22:00:00,Food Court,99.3
SN002,2024-01-06T22:10:00,Ticketing Area,92.8
SN001,2024-01-06T22:20:00,Ticketing Area,89.2
SN003,2024-01-06T22:30:00,Ticketing Area,87.3
SN003,2024-01-06T22:40:00,Waiting Hall,93.9
SN002,2024-01-06T22:50:00,Food Court,88.8
SN001,2024-01-06T23:00:00,Waiting Hall,91.9
SN002,2024-01-06T23:10:00,Track 3 Entrance,85.6
SN001,2024-01-06T23:20:00,Food Court,88.7
SN003,2024-01-06T23:30:00,Food Court,96.7
SN001,2024-01-06T23:40:00,Waiting Hall,84.1
SN003,2024-01-06T23:50:00,Ticketing Area,91.7
SN002,2024-01-07T00:00:00,Waiting Hall,78.6
SN003,2024-01-07T00:10:00,Track 3 Entrance,86.9
SN003,2024-01-07T00:20:00,Waiting Hall,94.3
SN002,2024-01-07T00:30:00,Ticketing Area,89.6
SN003,2024-01-07T00:40:00,Ticketing Area,92.9
SN002,2024-01-07T00:50:00,Track 3 Entrance,100
SN002,2024-01-07T01:00:00,Waiting Hall,100
SN003,2024-01-07T01:10:00,Platform 1,81.1
SN002,2024-01-07T01:20:00,Track 3 Entrance,89.3
SN001,2024-01-07T01:30:00,Food Court,91
SN003,2024-01-07T01:40:00,Track 3 Entrance,93.1
SN002,2024-01-07T01:50:00,Food Court,84.8
SN001,2024-01-07T02:00:00,Track 3 Entrance,94.3
SN003,2024-01-07T02:10:00,Track 3 Entrance,100
SN002,2024-01-07T02:20:00,Track 3 Entrance,95.1
SN001,2024-01-07T02:30:00,Waiting Hall,94.6
SN002,2024-01-07T02:40:00,Waiting Hall,85.7
SN003,2024-01-07T02:50:00,Waiting Hall,93
SN003,2024-01-07T03:00:00,Track 3 Entrance,89.5
SN002,2024-01-07T03:10:00,Food Court,99.4
SN003,2024-01-07T03:20:00,Waiting Hall,95.8
SN002,2024-01-07T03:30:00,Ticketing Area,95
SN002,2024-01-07T03:40:00,Waiting Hall,90.8
SN002,2024-01-07T03:50:00,Track 3 Entrance,89.9
SN001,2024-01-07T04:00:00,Track 3 Entrance,99.5
SN002,2024-01-07T04:10:00,Track 3 Entrance,89.2
SN002,2024-01-07T04:20:00,Food Court,85.7
SN002,2024-01-07T04:30:00,Ticketing Area,90.3
SN001,2024-01-07T04:40:00,Waiting Hall,92
SN002,2024-01-07T04:50:00,Ticketing Area,95.9
SN003,2024-01-07T05:00:00,Waiting Hall,84.8
SN003,2024-01-07T05:10:00,Platform 1,95.7
SN001,2024-01-07T05:20:00,Track 3 Entrance,100
SN001,2024-01-07T05:30:00,Platform 1,93
SN003,2024-01-07T05:40:00,Ticketing Area,89.3
SN002,2024-01-07T05:50:00,Food Court,94.7
SN003,2024-01-07T06:00:00,Track 3 Entrance,94.3
SN002,2024-01-07T06:10:00,Track 3 Entrance,100
SN003,2024-01-07T06:20:00,Track 3 Entrance,91.2
SN001,2024-01-07T06:30:00,Food Court,92.8
SN003,2024-01-07T06:40:00,Food Court,91.4
SN001,2024-01-07T06:50:00,Track 3 Entrance,97.4
SN002,2024-01-07T07:00:00,Track 3 Entrance,87.5
SN001,2024-01-07T07:10:00,Platform 1,97.3
SN001,2024-01-07T07:20:00,Food Court,91.2
SN002,2024-01-07T07:30:00,Waiting Hall,100
SN001,2024-01-07T07:40:00,Food Court,99.7
SN002,2024-01-07T07:50:00,Track 3 Entrance,94.3
SN003,2024-01-07T08:00:00,Track 3 Entrance,100
SN003,2024-01-07T08:10:00,Track 3 Entrance,100
SN003,2024-01-07T08:20:00,Ticketing Area,100
SN002,2024-01-07T08:30:00,Platform 1,100
SN002,2024-01-07T08:40:00,Platform 1,100
SN002,2024-01-07T08:50:00,Platform 1,92.5
SN002,2024-01-07T09:00:00,Waiting Hall,97
SN002,2024-01-07T09:10:00,Track 3 Entrance,100
SN001,2024-01-07T09:20:00,Food Court,87.3
SN003,2024-01-07T09:30:00,Track 3 Entrance,99.3
SN002,2024-01-07T09:40:00,Track 3 Entrance,100
SN001,2024-01-07T09:50:00,Food Court,93.6
SN001,2024-01-07T10:00:00,Food Court,92.5
SN003,2024-01-07T10:10:00,Waiting Hall,99.5
SN002,2024-01-07T10:20:00,Platform 1,100
SN003,2024-01-07T10:30:00,Waiting Hall,94.2
SN003,2024-01-07T10:40:00,Food Court,86.8
SN002,2024-01-07T10:50:00,Food Court,81
SN001,2024-01-07T11:00:00,Waiting Hall,87.2
SN001,2024-01-07T11:10:00,Ticketing Area,95
SN002,2024-01-07T11:20:00,Waiting Hall,94.9
SN003,2024-01-07T11:30:00,Track 3 Entrance,93.7
SN002,2024-01-07T11:40:00,Track 3 Entrance,88.9
SN003,2024-01-07T11:50:00,Waiting Hall,98.3
SN002,2024-01-07T12:00:00,Waiting Hall,85.9
SN003,2024-01-07T12:10:00,Track 3 Entrance,94.6
SN001,2024-01-07T12:20:00,Platform 1,90.7
SN001,2024-01-07T12:30:00,Food Court,88.1
SN002,2024-01-07T12:40:00,Track 3 Entrance,92.8
SN002,2024-01-07T12:50:00,Platform 1,89.2
SN002,2024-01-07T13:00:00,Ticketing Area,91.5
SN003,2024-01-07T13:10:00,Platform 1,95.2
SN002,2024-01-07T13:20:00,Track 3 Entrance,88
SN003,2024-01-07T13:30:00,Track 3 Entrance,96.8
SN001,2024-01-07T13:40:00,Waiting Hall,81.9
SN001,2024-01-07T13:50:00,Track 3 Entrance,90.1
SN001,2024-01-07T14:00:00,Waiting Hall,98.7
SN001,2024-01-07T14:10:00,Waiting Hall,96.3
SN003,2024-01-07T14:20:00,Waiting Hall,92.5
SN001,2024-01-07T14:30:00,Track 3 Entrance,93
SN002,2024-01-07T14:40:00,Track 3 Entrance,92
SN001,2024-01-07T14:50:00,Food Court,100
SN003,2024-01-07T15:00:00,Food Court,96
SN003,2024-01-07T15:10:00,Platform 1,78.6
SN003,2024-01-07T15:20:00,Ticketing Area,87.7
SN002,2024-01-07T15:30:00,Track 3 Entrance,87.6
SN003,2024-01-07T15:40:00,Platform 1,91.7
SN002,2024-01-07T15:50:00,Waiting Hall,93.3
SN003,2024-01-07T16:00:00,Food Court,92.6
SN001,2024-01-07T16:10:00,Ticketing Area,96.9
SN001,2024-01-07T16:20:00,Track 3 Entrance,94.3
SN002,2024-01-07T16:30:00,Track 3 Entrance,88.5
SN002,2024-01-07T16:40:00,Platform 1,84.8
SN003,2024-01-07T16:50:00,Waiting Hall,92.2
SN002,2024-01-07T17:00:00,Food Court,100
SN001,2024-01-07T17:10:00,Track 3 Entrance,95.2
SN003,2024-01-07T17:20:00,Food Court,100
SN001,2024-01-07T17:30:00,Ticketing Area,95.3
SN001,2024-01-07T17:40:00,Waiting Hall,89
SN003,2024-01-07T17:50:00,Ticketing Area,95.6
SN002,2024-01-07T18:00:00,Track 3 Entrance,96.7
SN003,2024-01-07T18:10:00,Track 3 Entrance,96.1
SN001,2024-01-07T18:20:00,Platform 1,97.3
SN002,2024-01-07T18:30:00,Platform 1,100
SN002,2024-01-07T18:40:00,Food Court,100
SN003,2024-01-07T18:50:00,Food Court,95.7
SN001,2024-01-07T19:00:00,Platform 1,100
SN001,2024-01-07T19:10:00,Track 3 Entrance,89.3
SN001,2024-01-07T19:20:00,Waiting Hall,93.7
SN002,2024-01-07T19:30:00,Food Court,91.3
SN003,2024-01-07T19:40:00,Waiting Hall,100
SN001,2024-01-07T19:50:00,Platform 1,100
SN003,2024-01-07T20:00:00,Food Court,96
SN001,2024-01-07T20:10:00,Ticketing Area,99.9
SN002,2024-01-07T20:20:00,Ticketing Area,97.2
SN001,2024-01-07T20:30:00,Food Court,92.5
SN003,2024-01-07T20:40:00,Waiting Hall,98.3
SN002,2024-01-07T20:50:00,Platform 1,100
SN002,2024-01-07T21:00:00,Platform 1,87.1
SN002,2024-01-07T21:10:00,Track 3 Entrance,85.9
SN001,2024-01-07T21:20:00,Food Court,89.4
SN002,2024-01-07T21:30:00,Food Court,85.6
SN002,2024-01-07T21:40:00,Track 3 Entrance,91.4
SN002,2024-01-07T21:50:00,Track 3 Entrance,93.7
SN003,2024-01-07T22:00:00,Ticketing Area,94.8
SN002,2024-01-07T22:10:00,Platform 1,91.7
SN003,2024-01-07T22:20:00,Track 3 Entrance,88.7
SN003,2024-01-07T22:30:00,Food Court,89.7
SN003,2024-01-07T22:40:00,Ticketing Area,94.4
SN001,2024-01-07T22:50:00,Waiting Hall,82.5
SN003,2024-01-07T23:00:00,Platform 1,90.5
SN003,2024-01-07T23:10:00,Platform 1,89.1
SN003,2024-01-07T23:20:00,Track 3 Entrance,100
SN001,2024-01-07T23:30:00,Waiting Hall,93.8
SN003,2024-01-07T23:40:00,Waiting Hall,99.4
SN003,2024-01-07T23:50:00,Waiting Hall,87.5
SN001,2024-01-08T00:00:00,Ticketing Area,81.9
SN001,2024-01-08T00:10:00,Platform 1,95.5
SN001,2024-01-08T00:20:00,Waiting Hall,92.4
SN001,2024-01-08T00:30:00,Platform 1,89.8
SN001,2024-01-08T00:40:00,Ticketing Area,89.6
SN003,2024-01-08T00:50:00,Food Court,83
SN002,2024-01-08T01:00:00,Platform 1,79.4
SN003,2024-01-08T01:10:00,Ticketing Area,86.2
SN002,2024-01-08T01:20:00,Platform 1,80.1
SN001,2024-01-08T01:30:00,Waiting Hall,92.2
SN003,2024-01-08T01:40:00,Track 3 Entrance,93
SN002,2024-01-08T01:50:00,Platform 1,100
SN002,2024-01-08T02:00:00,Platform 1,93.1
SN001,2024-01-08T02:10:00,Waiting Hall,86.6
SN003,2024-01-08T02:20:00,Food Court,85.6
SN001,2024-01-08T02:30:00,Ticketing Area,90.1
SN003,2024-01-08T02:40:00,Food Court,94.9
SN001,2024-01-08T02:50:00,Waiting Hall,92.6
SN001,2024-01-08T03:00:00,Food Court,81.1
SN002,2024-01-08T03:10:00,Track 3 Entrance,81.2
SN002,2024-01-08T03:20:00,Ticketing Area,93.4
SN002,2024-01-08T03:30:00,Track 3 Entrance,94.8
SN003,2024-01-08T03:40:00,Waiting Hall,87.9
SN002,2024-01-08T03:50:00,Track 3 Entrance,84.5
SN002,2024-01-08T04:00:00,Platform 1,96.2
SN001,2024-01-08T04:10:00,Platform 1,85.2
SN002,2024-01-08T04:20:00,Waiting Hall,97.8
SN002,2024-01-08T04:30:00,Ticketing Area,82.3
SN002,2024-01-08T04:40:00,Waiting Hall,87.5
SN003,2024-01-08T04:50:00,Waiting Hall,88.9
SN003,2024-01-08T05:00:00,Food Court,93.7
SN001,2024-01-08T05:10:00,Track 3 Entrance,84.9
SN002,2024-01-08T05:20:00,Ticketing Area,86.4
SN003,2024-01-08T05:30:00,Track 3 Entrance,89.6
SN001,2024-01-08T05:40:00,Track 3 Entrance,100
SN001,2024-01-08T05:50:00,Waiting Hall,93.9
SN003,2024-01-08T06:00:00,Track 3 Entrance,91.4
SN001,2024-01-08T06:10:00,Track 3 Entrance,100
SN002,2024-01-08T06:20:00,Ticketing Area,91
SN002,2024-01-08T06:30:00,Track 3 Entrance,93
SN003,2024-01-08T06:40:00,Platform 1,88.4
SN002,2024-01-08T06:50:00,Food Court,94.4
SN001,2024-01-08T07:00:00,Food Court,91.5
SN002,2024-01-08T07:10:00,Platform 1,97.4
SN003,2024-01-08T07:20:00,Food Court,89.1
SN003,2024-01-08T07:30:00,Waiting Hall,100
SN003,2024-01-08T07:40:00,Food Court,100
SN003,2024-01-08T07:50:00,Ticketing Area,93.8
SN003,2024-01-08T08:00:00,Ticketing Area,99.1
SN001,2024-01-08T08:10:00,Track 3 Entrance,100
SN001,2024-01-08T08:20:00,Track 3 Entrance,92.9
SN001,2024-01-08T08:30:00,Platform 1,96.4
SN002,2024-01-08T08:40:00,Platform 1,92.2
SN001,2024-01-08T08:50:00,Waiting Hall,100
SN001,2024-01-08T09:00:00,Food Court,91.7
SN001,2024-01-08T09:10:00,Food Court,100
SN002,2024-01-08T09:20:00,Waiting Hall,90.3
SN001,2024-01-08T09:30:00,Waiting Hall,81.7
SN003,2024-01-08T09:40:00,Track 3 Entrance,94.8
SN002,2024-01-08T09:50:00,Ticketing Area,100
SN003,2024-01-08T10:00:00,Food Court,94.9
SN002,2024-01-08T10:10:00,Track 3 Entrance,92.4
SN001,2024-01-08T10:20:00,Platform 1,92
SN002,2024-01-08T10:30:00,Ticketing Area,83.9
SN001,2024-01-08T10:40:00,Platform 1,94.8
SN002,2024-01-08T10:50:00,Platform 1,88.3
SN001,2024-01-08T11:00:00,Waiting Hall,84.8
SN002,2024-01-08T11:10:00,Track 3 Entrance,97.6
SN001,2024-01-08T11:20:00,Waiting Hall,85.6
SN001,2024-01-08T11:30:00,Waiting Hall,86.7
SN003,2024-01-08T11:40:00,Ticketing Area,90.8
SN001,2024-01-08T11:50:00,Waiting Hall,85.2
SN002,2024-01-08T12:00:00,Food Court,94.5
SN003,2024-01-08T12:10:00,Ticketing Area,93
SN002,2024-01-08T12:20:00,Food Court,97.3
SN001,2024-01-08T12:30:00,Platform 1,99.6
SN001,2024-01-08T12:40:00,Track 3 Entrance,84.5
SN002,2024-01-08T12:50:00,Platform 1,88.9
SN002,2024-01-08T13:00:00,Waiting Hall,92.5
SN002,2024-01-08T13:10:00,Ticketing Area,90.9
SN003,2024-01-08T13:20:00,Track 3 Entrance,95.7
SN001,2024-01-08T13:30:00,Platform 1,95.7
SN002,2024-01-08T13:40:00,Platform 1,100
SN001,2024-01-08T13:50:00,Ticketing Area,86.2
SN001,2024-01-08T14:00:00,Ticketing Area,93.7
SN003,2024-01-08T14:10:00,Food Court,78.4
SN002,2024-01-08T14:20:00,Platform 1,90.3
SN002,2024-01-08T14:30:00,Food Court,83.3
SN002,2024-01-08T14:40:00,Waiting Hall,90
SN002,2024-01-08T14:50:00,Waiting Hall,91.7
SN001,2024-01-08T15:00:00,Platform 1,95.4
SN001,2024-01-08T15:10:00,Waiting Hall,88.5
SN002,2024-01-08T15:20:00,Waiting Hall,91
SN003,2024-01-08T15:30:00,Track 3 Entrance,99.6
SN002,2024-01-08T15:40:00,Platform 1,91.1
SN001,2024-01-08T15:50:00,Waiting Hall,89.8
SN002,2024-01-08T16:00:00,Waiting Hall,100
SN001,2024-01-08T16:10:00,Food Court,85.1
SN003,2024-01-08T16:20:00,Food Court,87.5
SN003,2024-01-08T16:30:00,Ticketing Area,95.8
SN001,2024-01-08T16:40:00,Platform 1,97.3
SN002,2024-01-08T16:50:00,Platform 1,90.6
SN003,2024-01-08T17:00:00,Platform 1,90.8
SN003,2024-01-08T17:10:00,Track 3 Entrance,95.7
SN003,2024-01-08T17:20:00,Ticketing Area,94.9
SN003,2024-01-08T17:30:00,Track 3 Entrance,98.8
SN001,2024-01-08T17:40:00,Track 3 Entrance,97.9
SN002,2024-01-08T17:50:00,Track 3 Entrance,99.1
SN002,2024-01-08T18:00:00,Food Court,85.9
SN002,2024-01-08T18:10:00,Track 3 Entrance,96.9
SN002,2024-01-08T18:20:00,Platform 1,100
SN001,2024-01-08T18:30:00,Platform 1,100
SN002,2024-01-08T18:40:00,Track 3 Entrance,100
SN002,2024-01-08T18:50:00,Track 3 Entrance,82
SN003,2024-01-08T19:00:00,Ticketing Area,88.4
SN001,2024-01-08T19:10:00,Food Court,100
SN001,2024-01-08T19:20:00,Food Court,100
SN002,2024-01-08T19:30:00,Ticketing Area,100
SN003,2024-01-08T19:40:00,Waiting Hall,90.6
SN002,2024-01-08T19:50:00,Track 3 Entrance,90.6
SN003,2024-01-08T20:00:00,Platform 1,93.8
SN001,2024-01-08T20:10:00,Waiting Hall,100
SN002,2024-01-08T20:20:00,Track 3 Entrance,100
SN003,2024-01-08T20:30:00,Food Court,100
SN001,2024-01-08T20:40:00,Food Court,100
SN003,2024-01-08T20:50:00,Food Court,100
SN001,2024-01-08T21:00:00,Track 3 Entrance,84
SN003,2024-01-08T21:10:00,Platform 1,94.2
SN001,2024-01-08T21:20:00,Ticketing Area,88.4
SN002,2024-01-08T21:30:00,Platform 1,97.9
SN001,2024-01-08T21:40:00,Food Court,88.4
SN001,2024-01-08T21:50:00,Track 3 Entrance,91.1
SN003,2024-01-08T22:00:00,Waiting Hall,97.7
SN003,2024-01-08T22:10:00,Track 3 Entrance,95.1
SN001,2024-01-08T22:20:00,Waiting Hall,90.5
SN003,2024-01-08T22:30:00,Waiting Hall,90.7
SN001,2024-01-08T22:40:00,Ticketing Area,92.7
SN001,2024-01-08T22:50:00,Food Court,93.4
SN001,2024-01-08T23:00:00,Waiting Hall,84.6
SN001,2024-01-08T23:10:00,Platform 1,88.4
SN003,2024-01-08T23:20:00,Waiting Hall,95.3
SN002,2024-01-08T23:30:00,Ticketing Area,93.6
SN003,2024-01-08T23:40:00,Waiting Hall,91.4
SN003,2024-01-08T23:50:00,Platform 1,91.7
SN002,2024-01-09T00:00:00,Food Court,87.3
SN002,2024-01-09T00:10:00,Ticketing Area,97.2
SN002,2024-01-09T00:20:00,Track 3 Entrance,82.5
SN002,2024-01-09T00:30:00,Track 3 Entrance,96.3
SN001,2024-01-09T00:40:00,Track 3 Entrance,100
SN001,2024-01-09T00:50:00,Food Court,94.2
SN003,2024-01-09T01:00:00,Platform 1,89.3
SN002,2024-01-09T01:10:00,Food Court,84.8
SN003,2024-01-09T01:20:00,Food Court,88.6
SN002,2024-01-09T01:30:00,Food Court,83
SN002,2024-01-09T01:40:00,Track 3 Entrance,81.2
SN003,2024-01-09T01:50:00,Food Court,94.4
SN001,2024-01-09T02:00:00,Food Court,80.9
SN001,2024-01-09T02:10:00,Track 3 Entrance,88.7
SN003,2024-01-09T02:20:00,Waiting Hall,96.3
SN002,2024-01-09T02:30:00,Food Court,100
SN001,2024-01-09T02:40:00,Platform 1,85.8
SN003,2024-01-09T02:50:00,Food Court,95.1
SN002,2024-01-09T03:00:00,Food Court,84.6
SN002,2024-01-09T03:10:00,Waiting Hall,97.5
SN003,2024-01-09T03:20:00,Ticketing Area,91.8
SN002,2024-01-09T03:30:00,Track 3 Entrance,90
SN002,2024-01-09T03:40:00,Food Court,100
SN001,2024-01-09T03:50:00,Ticketing Area,98.2
SN001,2024-01-09T04:00:00,Platform 1,96.2
SN002,2024-01-09T04:10:00,Ticketing Area,88.6
SN001,2024-01-09T04:20:00,Track 3 Entrance,98.1
SN002,2024-01-09T04:30:00,Track 3 Entrance,87.4
SN003,2024-01-09T04:40:00,Waiting Hall,89.9
SN001,2024-01-09T04:50:00,Platform 1,95
SN001,2024-01-09T05:00:00,Ticketing Area,92.6
SN001,2024-01-09T05:10:00,Platform 1,84.3
SN001,2024-01-09T05:20:00,Waiting Hall,86.6
SN001,2024-01-09T05:30:00,Track 3 Entrance,86.1
SN003,2024-01-09T05:40:00,Track 3 Entrance,91
SN001,2024-01-09T05:50:00,Waiting Hall,95.4
SN001,2024-01-09T06:00:00,Ticketing Area,91.4
SN002,2024-01-09T06:10:00,Platform 1,87.8
SN003,2024-01-09T06:20:00,Food Court,86.4
SN003,2024-01-09T06:30:00,Food Court,93.2
SN002,2024-01-09T06:40:00,Food Court,90.1
SN002,2024-01-09T06:50:00,Track 3 Entrance,90.6
SN003,2024-01-09T07:00:00,Track 3 Entrance,98.4
SN003,2024-01-09T07:10:00,Waiting Hall,100
SN002,2024-01-09T07:20:00,Waiting Hall,100
SN003,2024-01-09T07:30:00,Food Court,100
SN001,2024-01-09T07:40:00,Track 3 Entrance,91.2
SN002,2024-01-09T07:50:00,Food Court,88.6
SN002,2024-01-09T08:00:00,Waiting Hall,91.1
SN003,2024-01-09T08:10:00,Platform 1,95.5
SN003,2024-01-09T08:20:00,Track 3 Entrance,86.3
SN002,2024-01-09T08:30:00,Platform 1,100
SN002,2024-01-09T08:40:00,Platform 1,98.6
SN002,2024-01-09T08:50:00,Food Court,94.2
SN002,2024-01-09T09:00:00,Platform 1,90.9
SN001,2024-01-09T09:10:00,Ticketing Area,97
SN002,2024-01-09T09:20:00,Food Court,98.3
SN003,2024-01-09T09:30:00,Platform 1,97.8
SN002,2024-01-09T09:40:00,Food Court,97.3
SN002,2024-01-09T09:50:00,Waiting Hall,100
SN002,2024-01-09T10:00:00,Food Court,80.7
SN003,2024-01-09T10:10:00,Track 3 Entrance,97.5
SN001,2024-01-09T10:20:00,Waiting Hall,85.4
SN003,2024-01-09T10:30:00,Ticketing Area,89.5
SN002,2024-01-09T10:40:00,Food Court,87.9
SN003,2024-01-09T10:50:00,Track 3 Entrance,98.2
SN001,2024-01-09T11:00:00,Food Court,84.3
SN002,2024-01-09T11:10:00,Food Court,92.2
SN001,2024-01-09T11:20:00,Track 3 Entrance,82.6
SN001,2024-01-09T11:30:00,Ticketing Area,93.2
SN003,2024-01-09T11:40:00,Platform 1,93.4
SN003,2024-01-09T11:50:00,Platform 1,96.4
SN001,2024-01-09T12:00:00,Ticketing Area,85.4
SN002,2024-01-09T12:10:00,Platform 1,89.7
SN002,2024-01-09T12:20:00,Food Court,97.2
SN001,2024-01-09T12:30:00,Ticketing Area,98.6
SN001,2024-01-09T12:40:00,Food Court,89.1
SN003,2024-01-09T12:50:00,Waiting Hall,86.9
SN001,2024-01-09T13:00:00,Food Court,98.6
SN002,2024-01-09T13:10:00,Food Court,95.2
SN003,2024-01-09T13:20:00,Food Court,84.5
SN003,2024-01-09T13:30:00,Track 3 Entrance,87.7
SN002,2024-01-09T13:40:00,Food Court,87
SN001,2024-01-09T13:50:00,Waiting Hall,91.5
SN003,2024-01-09T14:00:00,Platform 1,90
SN003,2024-01-09T14:10:00,Platform 1,89.4
SN003,2024-01-09T14:20:00,Food Court,97.7
SN001,2024-01-09T14:30:00,Food Court,88
SN002,2024-01-09T14:40:00,Platform 1,89.6
SN003,2024-01-09T14:50:00,Platform 1,87.9
SN003,2024-01-09T15:00:00,Food Court,93.6
SN002,2024-01-09T15:10:00,Track 3 Entrance,91.3
SN002,2024-01-09T15:20:00,Track 3 Entrance,96.5
SN002,2024-01-09T15:30:00,Track 3 Entrance,88.9
SN002,2024-01-09T15:40:00,Track 3 Entrance,96.8
SN003,2024-01-09T15:50:00,Track 3 Entrance,87.9
SN003,2024-01-09T16:00:00,Food Court,96.4
SN001,2024-01-09T16:10:00,Platform 1,95
SN001,2024-01-09T16:20:00,Platform 1,100
SN002,2024-01-09T16:30:00,Track 3 Entrance,91.3
SN003,2024-01-09T16:40:00,Platform 1,86.8
SN002,2024-01-09T16:50:00,Waiting Hall,98
SN002,2024-01-09T17:00:00,Platform 1,100
SN002,2024-01-09T17:10:00,Food Court,100
SN003,2024-01-09T17:20:00,Track 3 Entrance,97.9
SN002,2024-01-09T17:30:00,Food Court,89.5
SN002,2024-01-09T17:40:00,Food Court,100
SN003,2024-01-09T17:50:00,Track 3 Entrance,100
SN001,2024-01-09T18:00:00,Platform 1,93
SN003,2024-01-09T18:10:00,Food Court,98
SN002,2024-01-09T18:20:00,Ticketing Area,96.2
SN003,2024-01-09T18:30:00,Food Court,96.7
SN001,2024-01-09T18:40:00,Waiting Hall,96.6
SN001,2024-01-09T18:50:00,Track 3 Entrance,100
SN002,2024-01-09T19:00:00,Food Court,97.6
SN003,2024-01-09T19:10:00,Platform 1,100
SN002,2024-01-09T19:20:00,Track 3 Entrance,100
SN002,2024-01-09T19:30:00,Ticketing Area,91.4
SN002,2024-01-09T19:40:00,Waiting Hall,92.8
SN001,2024-01-09T19:50:00,Food Court,93.5
SN001,2024-01-09T20:00:00,Waiting Hall,92.8
SN002,2024-01-09T20:10:00,Track 3 Entrance,100
SN003,2024-01-09T20:20:00,Waiting Hall,91.1
SN002,2024-01-09T20:30:00,Track 3 Entrance,97.5
SN003,2024-01-09T20:40:00,Food Court,100
SN002,2024-01-09T20:50:00,Food Court,93.9
SN001,2024-01-09T21:00:00,Ticketing Area,89.7
SN003,2024-01-09T21:10:00,Ticketing Area,78.4
SN003,2024-01-09T21:20:00,Platform 1,85.7
SN002,2024-01-09T21:30:00,Track 3 Entrance,93.4
SN003,2024-01-09T21:40:00,Waiting Hall,90.9
SN003,2024-01-09T21:50:00,Platform 1,96.7
SN002,2024-01-09T22:00:00,Ticketing Area,94.8
SN002,2024-01-09T22:10:00,Track 3 Entrance,95.2
SN001,2024-01-09T22:20:00,Track 3 Entrance,95.3
SN001,2024-01-09T22:30:00,Platform 1,100
SN003,2024-01-09T22:40:00,Platform 1,97.7
SN002,2024-01-09T22:50:00,Ticketing Area,94.1
SN001,2024-01-09T23:00:00,Ticketing Area,99.1
SN002,2024-01-09T23:10:00,Waiting Hall,89.6
SN002,2024-01-09T23:20:00,Track 3 Entrance,91.3
SN001,2024-01-09T23:30:00,Track 3 Entrance,88.4
SN002,2024-01-09T23:40:00,Platform 1,99.5
SN002,2024-01-09T23:50:00,Ticketing Area,88.7
SN002,2024-01-10T00:00:00,Platform 1,88.9
SN002,2024-01-10T00:10:00,Waiting Hall,96.1
SN001,2024-01-10T00:20:00,Food Court,98.1
SN003,2024-01-10T00:30:00,Track 3 Entrance,100
SN002,2024-01-10T00:40:00,Food Court,79.1
SN002,2024-01-10T00:50:00,Waiting Hall,84.6
SN003,2024-01-10T01:00:00,Track 3 Entrance,88.5
SN003,2024-01-10T01:10:00,Food Court,93.6
SN001,2024-01-10T01:20:00,Platform 1,84.7
SN003,2024-01-10T01:30:00,Ticketing Area,100
SN001,2024-01-10T01:40:00,Food Court,80.3
SN002,2024-01-10T01:50:00,Platform 1,91.2
SN001,2024-01-10T02:00:00,Track 3 Entrance,85.1
SN001,2024-01-10T02:10:00,Waiting Hall,84.3
SN001,2024-01-10T02:20:00,Ticketing Area,93.1
SN003,2024-01-10T02:30:00,Platform 1,82.2
SN001,2024-01-10T02:40:00,Platform 1,81.9
SN002,2024-01-10T02:50:00,Platform 1,88.9
SN001,2024-01-10T03:00:00,Ticketing Area,94.4
SN003,2024-01-10T03:10:00,Track 3 Entrance,98.6
SN002,2024-01-10T03:20:00,Ticketing Area,91.3
SN001,2024-01-10T03:30:00,Platform 1,100
SN001,2024-01-10T03:40:00,Ticketing Area,100
SN002,2024-01-10T03:50:00,Platform 1,93.4
SN001,2024-01-10T04:00:00,Food Court,93.7
SN002,2024-01-10T04:10:00,Waiting Hall,87.7
SN001,2024-01-10T04:20:00,Waiting Hall,87.1
SN002,2024-01-10T04:30:00,Waiting Hall,80.3
SN002,2024-01-10T04:40:00,Platform 1,97.9
SN002,2024-01-10T04:50:00,Food Court,93.9
SN003,2024-01-10T05:00:00,Platform 1,89.1
SN002,2024-01-10T05:10:00,Platform 1,91.1
SN003,2024-01-10T05:20:00,Track 3 Entrance,100
SN003,2024-01-10T05:30:00,Ticketing Area,96.2
SN001,2024-01-10T05:40:00,Food Court,97.1
SN003,2024-01-10T05:50:00,Track 3 Entrance,89.7
SN003,2024-01-10T06:00:00,Waiting Hall,84.8
SN002,2024-01-10T06:10:00,Platform 1,86.3
SN003,2024-01-10T06:20:00,Waiting Hall,92.4
SN003,2024-01-10T06:30:00,Ticketing Area,93.9
SN001,2024-01-10T06:40:00,Food Court,99.6
SN002,2024-01-10T06:50:00,Ticketing Area,96.7
SN003,2024-01-10T07:00:00,Track 3 Entrance,90.5
SN002,2024-01-10T07:10:00,Food Court,100
SN003,2024-01-10T07:20:00,Food Court,100
SN003,2024-01-10T07:30:00,Waiting Hall,94.7
SN001,2024-01-10T07:40:00,Ticketing Area,97.8
SN002,2024-01-10T07:50:00,Food Court,97.2
SN002,2024-01-10T08:00:00,Track 3 Entrance,93.9
SN001,2024-01-10T08:10:00,Track 3 Entrance,92.8
SN002,2024-01-10T08:20:00,Track 3 Entrance,97.5
SN001,2024-01-10T08:30:00,Ticketing Area,100
SN003,2024-01-10T08:40:00,Track 3 Entrance,97.6
SN001,2024-01-10T08:50:00,Ticketing Area,93.6
SN003,2024-01-10T09:00:00,Waiting Hall,94.1
SN002,2024-01-10T09:10:00,Ticketing Area,100
SN002,2024-01-10T09:20:00,Platform 1,91.7
SN001,2024-01-10T09:30:00,Ticketing Area,100
SN003,2024-01-10T09:40:00,Waiting Hall,100
SN002,2024-01-10T09:50:00,Food Court,98.9
SN001,2024-01-10T10:00:00,Ticketing Area,90.2
SN002,2024-01-10T10:10:00,Ticketing Area,84.1
SN002,2024-01-10T10:20:00,Ticketing Area,98.5
SN003,2024-01-10T10:30:00,Track 3 Entrance,95.8
SN003,2024-01-10T10:40:00,Platform 1,93
SN001,2024-01-10T10:50:00,Ticketing Area,89.7
SN002,2024-01-10T11:00:00,Ticketing Area,85.4
SN002,2024-01-10T11:10:00,Food Court,99.1
SN003,2024-01-10T11:20:00,Waiting Hall,90.8
SN002,2024-01-10T11:30:00,Waiting Hall,83.6
SN003,2024-01-10T11:40:00,Waiting Hall,83.8
SN001,2024-01-10T11:50:00,Ticketing Area,88.4
SN002,2024-01-10T12:00:00,Track 3 Entrance,98.5
SN002,2024-01-10T12:10:00,Platform 1,91.8
SN003,2024-01-10T12:20:00,Ticketing Area,99.4
SN001,2024-01-10T12:30:00,Track 3 Entrance,100
SN002,2024-01-10T12:40:00,Waiting Hall,85.8
SN001,2024-01-10T12:50:00,Ticketing Area,84.9
SN001,2024-01-10T13:00:00,Track 3 Entrance,90.4
SN002,2024-01-10T13:10:00,Platform 1,90.5
SN001,2024-01-10T13:20:00,Platform 1,86.7
SN002,2024-01-10T13:30:00,Track 3 Entrance,87.1
SN001,2024-01-10T13:40:00,Track 3 Entrance,98.1
SN003,2024-01-10T13:50:00,Ticketing Area,98.1
SN003,2024-01-10T14:00:00,Ticketing Area,85.5
SN001,2024-01-10T14:10:00,Platform 1,100
SN003,2024-01-10T14:20:00,Platform 1,98.8
SN002,2024-01-10T14:30:00,Waiting Hall,92.1
SN002,2024-01-10T14:40:00,Platform 1,93.8
SN002,2024-01-10T14:50:00,Waiting Hall,97.2
SN003,2024-01-10T15:00:00,Waiting Hall,79.4
SN002,2024-01-10T15:10:00,Track 3 Entrance,94.3
SN002,2024-01-10T15:20:00,Ticketing Area,90.9
SN001,2024-01-10T15:30:00,Waiting Hall,92
SN002,2024-01-10T15:40:00,Ticketing Area,82.6
SN001,2024-01-10T15:50:00,Platform 1,90.7
SN001,2024-01-10T16:00:00,Ticketing Area,90.5
SN002,2024-01-10T16:10:00,Platform 1,94.2
SN002,2024-01-10T16:20:00,Waiting Hall,99.2
SN003,2024-01-10T16:30:00,Ticketing Area,88.5
SN003,2024-01-10T16:40:00,Platform 1,87
SN003,2024-01-10T16:50:00,Track 3 Entrance,95.1
SN001,2024-01-10T17:00:00,Waiting Hall,98.6
SN001,2024-01-10T17:10:00,Platform 1,87.2
SN002,2024-01-10T17:20:00,Track 3 Entrance,100
SN001,2024-01-10T17:30:00,Waiting Hall,99
SN001,2024-01-10T17:40:00,Track 3 Entrance,100
SN003,2024-01-10T17:50:00,Waiting Hall,100
SN001,2024-01-10T18:00:00,Platform 1,100
SN002,2024-01-10T18:10:00,Ticketing Area,100
SN001,2024-01-10T18:20:00,Track 3 Entrance,100
SN001,2024-01-10T18:30:00,Food Court,92.3
SN003,2024-01-10T18:40:00,Waiting Hall,100
SN001,2024-01-10T18:50:00,Platform 1,87.6
SN003,2024-01-10T19:00:00,Food Court,100
SN003,2024-01-10T19:10:00,Food Court,100
SN001,2024-01-10T19:20:00,Track 3 Entrance,96.7
SN001,2024-01-10T19:30:00,Track 3 Entrance,100
SN003,2024-01-10T19:40:00,Ticketing Area,100
SN001,2024-01-10T19:50:00,Waiting Hall,96.8
SN001,2024-01-10T20:00:00,Waiting Hall,93.8
SN002,2024-01-10T20:10:00,Waiting Hall,93.5
SN003,2024-01-10T20:20:00,Ticketing Area,94.5
SN002,2024-01-10T20:30:00,Waiting Hall,94.6
SN001,2024-01-10T20:40:00,Platform 1,88.6
SN002,2024-01-10T20:50:00,Waiting Hall,93.6
SN001,2024-01-10T21:00:00,Ticketing Area,92.2
SN003,2024-01-10T21:10:00,Platform 1,86.2
SN002,2024-01-10T21:20:00,Waiting Hall,97.6
SN002,2024-01-10T21:30:00,Waiting Hall,87
SN002,2024-01-10T21:40:00,Track 3 Entrance,98.2
SN002,2024-01-10T21:50:00,Food Court,88
SN001,2024-01-10T22:00:00,Platform 1,94.1
SN003,2024-01-10T22:10:00,Waiting Hall,100
SN002,2024-01-10T22:20:00,Platform 1,99.3
SN003,2024-01-10T22:30:00,Ticketing Area,84.6
SN002,2024-01-10T22:40:00,Track 3 Entrance,85.8
SN001,2024-01-10T22:50:00,Track 3 Entrance,87.9
SN001,2024-01-10T23:00:00,Ticketing Area,81.5
SN001,2024-01-10T23:10:00,Food Court,84.9
SN003,2024-01-10T23:20:00,Waiting Hall,84.4
SN002,2024-01-10T23:30:00,Platform 1,92.9
SN003,2024-01-10T23:40:00,Platform 1,85.1
SN002,2024-01-10T23:50:00,Waiting Hall,92.5
SN001,2024-01-11T00:00:00,Ticketing Area,93.8
SN003,2024-01-11T00:10:00,Ticketing Area,93.1
SN001,2024-01-11T00:20:00,Track 3 Entrance,89.3
SN001,2024-01-11T00:30:00,Platform 1,88.1
SN003,2024-01-11T00:40:00,Waiting Hall,92.1
SN001,2024-01-11T00:50:00,Platform 1,86.9
SN002,2024-01-11T01:00:00,Platform 1,90.8
SN001,2024-01-11T01:10:00,Platform 1,97.5
SN003,2024-01-11T01:20:00,Waiting Hall,92.1
SN002,2024-01-11T01:30:00,Platform 1,92.5
SN003,2024-01-11T01:40:00,Platform 1,94.7
SN003,2024-01-11T01:50:00,Food Court,93.4
SN001,2024-01-11T02:00:00,Ticketing Area,86.2
SN001,2024-01-11T02:10:00,Ticketing Area,89.5
SN001,2024-01-11T02:20:00,Waiting Hall,90.8
SN002,2024-01-11T02:30:00,Ticketing Area,87.4
SN001,2024-01-11T02:40:00,Track 3 Entrance,91.6
SN001,2024-01-11T02:50:00,Track 3 Entrance,88.4
SN003,2024-01-11T03:00:00,Waiting Hall,94.6
SN003,2024-01-11T03:10:00,Track 3 Entrance,91.7
SN003,2024-01-11T03:20:00,Waiting Hall,91.9
SN003,2024-01-11T03:30:00,Food Court,86.1
SN002,2024-01-11T03:40:00,Platform 1,100
SN001,2024-01-11T03:50:00,Waiting Hall,82.2
SN002,2024-01-11T04:00:00,Food Court,93.9
SN003,2024-01-11T04:10:00,Ticketing Area,85.7
SN001,2024-01-11T04:20:00,Track 3 Entrance,97.5
SN001,2024-01-11T04:30:00,Waiting Hall,83.8
SN001,2024-01-11T04:40:00,Platform 1,88.5
SN003,2024-01-11T04:50:00,Track 3 Entrance,100
SN001,2024-01-11T05:00:00,Waiting Hall,85.1
SN002,2024-01-11T05:10:00,Waiting Hall,96.1
SN003,2024-01-11T05:20:00,Waiting Hall,86.3
SN002,2024-01-11T05:30:00,Track 3 Entrance,94
SN001,2024-01-11T05:40:00,Platform 1,95.7
SN002,2024-01-11T05:50:00,Food Court,93.2
SN002,2024-01-11T06:00:00,Waiting Hall,88.2
SN003,2024-01-11T06:10:00,Platform 1,90.8
SN003,2024-01-11T06:20:00,Track 3 Entrance,96.4
SN003,2024-01-11T06:30:00,Food Court,91.7
SN003,2024-01-11T06:40:00,Platform 1,90.9
SN001,2024-01-11T06:50:00,Food Court,89.4
SN001,2024-01-11T07:00:00,Food Court,92.6
SN003,2024-01-11T07:10:00,Food Court,100
SN002,2024-01-11T07:20:00,Platform 1,100
SN003,2024-01-11T07:30:00,Track 3 Entrance,97.3
SN002,2024-01-11T07:40:00,Platform 1,88.5
SN003,2024-01-11T07:50:00,Waiting Hall,100
SN002,2024-01-11T08:00:00,Ticketing Area,83.3
SN003,2024-01-11T08:10:00,Platform 1,91.1
SN002,2024-01-11T08:20:00,Food Court,96.5
SN003,2024-01-11T08:30:00,Platform 1,100
SN001,2024-01-11T08:40:00,Ticketing Area,87.3
SN003,2024-01-11T08:50:00,Waiting Hall,94.4
SN001,2024-01-11T09:00:00,Food Court,91.7
SN002,2024-01-11T09:10:00,Platform 1,97.2
SN001,2024-01-11T09:20:00,Ticketing Area,94.1
SN002,2024-01-11T09:30:00,Food Court,100
SN001,2024-01-11T09:40:00,Waiting Hall,98.3
SN003,2024-01-11T09:50:00,Food Court,84.9
SN003,2024-01-11T10:00:00,Food Court,85.4
SN003,2024-01-11T10:10:00,Track 3 Entrance,79
SN002,2024-01-11T10:20:00,Platform 1,92.4
SN001,2024-01-11T10:30:00,Platform 1,85.1
SN002,2024-01-11T10:40:00,Track 3 Entrance,88.7
SN003,2024-01-11T10:50:00,Waiting Hall,92
SN003,2024-01-11T11:00:00,Platform 1,88.6
SN003,2024-01-11T11:10:00,Platform 1,100
SN002,2024-01-11T11:20:00,Waiting Hall,99.7
SN001,2024-01-11T11:30:00,Track 3 Entrance,96.3
SN001,2024-01-11T11:40:00,Waiting Hall,85
SN001,2024-01-11T11:50:00,Platform 1,87.9
SN002,2024-01-11T12:00:00,Platform 1,92.9
SN002,2024-01-11T12:10:00,Track 3 Entrance,100
SN001,2024-01-11T12:20:00,Platform 1,100
SN003,2024-01-11T12:30:00,Food Court,100
SN003,2024-01-11T12:40:00,Waiting Hall,92.4
SN001,2024-01-11T12:50:00,Platform 1,90.8
SN003,2024-01-11T13:00:00,Waiting Hall,98.2
SN003,2024-01-11T13:10:00,Track 3 Entrance,93.2
SN003,2024-01-11T13:20:00,Food Court,95
SN001,2024-01-11T13:30:00,Ticketing Area,84.5
SN002,2024-01-11T13:40:00,Track 3 Entrance,89.7
SN002,2024-01-11T13:50:00,Platform 1,100
SN001,2024-01-11T14:00:00,Track 3 Entrance,96.9
SN003,2024-01-11T14:10:00,Ticketing Area,92.6
SN001,2024-01-11T14:20:00,Ticketing Area,100
SN001,2024-01-11T14:30:00,Platform 1,85.4
SN002,2024-01-11T14:40:00,Waiting Hall,94.4
SN001,2024-01-11T14:50:00,Track 3 Entrance,100
SN002,2024-01-11T15:00:00,Food Court,88.8
SN003,2024-01-11T15:10:00,Waiting Hall,86.9
SN001,2024-01-11T15:20:00,Platform 1,86.6
SN002,2024-01-11T15:30:00,Ticketing Area,99.4
SN001,2024-01-11T15:40:00,Waiting Hall,88.6
SN001,2024-01-11T15:50:00,Waiting Hall,92.2
SN003,2024-01-11T16:00:00,Track 3 Entrance,84.9
SN002,2024-01-11T16:10:00,Platform 1,97.4
SN002,2024-01-11T16:20:00,Food Court,100
SN001,2024-01-11T16:30:00,Track 3 Entrance,88.5
SN003,2024-01-11T16:40:00,Food Court,89.9
SN002,2024-01-11T16:50:00,Platform 1,93.9
SN001,2024-01-11T17:00:00,Platform 1,100
SN003,2024-01-11T17:10:00,Ticketing Area,82
SN001,2024-01-11T17:20:00,Track 3 Entrance,90.3
SN002,2024-01-11T17:30:00,Food Court,97.6
SN003,2024-01-11T17:40:00,Food Court,100
SN001,2024-01-11T17:50:00,Food Court,88.7
SN002,2024-01-11T18:00:00,Platform 1,100
SN003,2024-01-11T18:10:00,Food Court,97.1
SN003,2024-01-11T18:20:00,Track 3 Entrance,94.6
SN001,2024-01-11T18:30:00,Ticketing Area,100
SN002,2024-01-11T18:40:00,Platform 1,100
SN002,2024-01-11T18:50:00,Platform 1,100
SN002,2024-01-11T19:00:00,Food Court,98.7
SN003,2024-01-11T19:10:00,Waiting Hall,100
SN002,2024-01-11T19:20:00,Track 3 Entrance,96.1
SN001,2024-01-11T19:30:00,Track 3 Entrance,98.2
SN002,2024-01-11T19:40:00,Platform 1,89.7
SN001,2024-01-11T19:50:00,Waiting Hall,93.8
SN003,2024-01-11T20:00:00,Track 3 Entrance,88.1
SN001,2024-01-11T20:10:00,Waiting Hall,89.9
SN001,2024-01-11T20:20:00,Waiting Hall,96.1
SN003,2024-01-11T20:30:00,Waiting Hall,99.7
SN001,2024-01-11T20:40:00,Track 3 Entrance,99
SN003,2024-01-11T20:50:00,Track 3 Entrance,94.8
SN003,2024-01-11T21:00:00,Ticketing Area,88.5
SN002,2024-01-11T21:10:00,Ticketing Area,90.5
SN002,2024-01-11T21:20:00,Track 3 Entrance,93
SN003,2024-01-11T21:30:00,Platform 1,92.1
SN001,2024-01-11T21:40:00,Waiting Hall,84.1
SN003,2024-01-11T21:50:00,Platform 1,86.4
SN001,2024-01-11T22:00:00,Waiting Hall,91.7
SN001,2024-01-11T22:10:00,Track 3 Entrance,82.7
SN001,2024-01-11T22:20:00,Track 3 Entrance,97.9
SN001,2024-01-11T22:30:00,Platform 1,83.1
SN001,2024-01-11T22:40:00,Food Court,85.2
SN002,2024-01-11T22:50:00,Waiting Hall,87.4
SN003,2024-01-11T23:00:00,Ticketing Area,100
SN002,2024-01-11T23:10:00,Track 3 Entrance,92.2
SN001,2024-01-11T23:20:00,Waiting Hall,83.7
SN001,2024-01-11T23:30:00,Track 3 Entrance,99.6
SN001,2024-01-11T23:40:00,Waiting Hall,100
SN003,2024-01-11T23:50:00,Waiting Hall,89.5
SN003,2024-01-12T00:00:00,Food Court,96.7
SN003,2024-01-12T00:10:00,Platform 1,94.3
SN002,2024-01-12T00:20:00,Platform 1,86.3
SN003,2024-01-12T00:30:00,Ticketing Area,96.2
SN001,2024-01-12T00:40:00,Track 3 Entrance,94.3
SN003,2024-01-12T00:50:00,Food Court,91.5
SN002,2024-01-12T01:00:00,Waiting Hall,93.3
SN002,2024-01-12T01:10:00,Track 3 Entrance,98.6
SN002,2024-01-12T01:20:00,Food Court,90.6
SN002,2024-01-12T01:30:00,Waiting Hall,78.3
SN001,2024-01-12T01:40:00,Platform 1,91.2
SN003,2024-01-12T01:50:00,Platform 1,88.4
SN003,2024-01-12T02:00:00,Ticketing Area,95.2
SN002,2024-01-12T02:10:00,Track 3 Entrance,99.4
SN002,2024-01-12T02:20:00,Food Court,100
SN003,2024-01-12T02:30:00,Waiting Hall,91.5
SN001,2024-01-12T02:40:00,Track 3 Entrance,97.3
SN002,2024-01-12T02:50:00,Food Court,88.8
SN002,2024-01-12T03:00:00,Ticketing Area,94.1
SN003,2024-01-12T03:10:00,Track 3 Entrance,95.7
SN003,2024-01-12T03:20:00,Waiting Hall,91.3
SN002,2024-01-12T03:30:00,Platform 1,97.7
SN003,2024-01-12T03:40:00,Waiting Hall,83.8
SN002,2024-01-12T03:50:00,Food Court,97.1
SN002,2024-01-12T04:00:00,Track 3 Entrance,91.3
SN002,2024-01-12T04:10:00,Platform 1,77.4
SN002,2024-01-12T04:20:00,Track 3 Entrance,89.3
SN002,2024-01-12T04:30:00,Ticketing Area,82.6
SN002,2024-01-12T04:40:00,Food Court,91.8
SN002,2024-01-12T04:50:00,Ticketing Area,86
SN002,2024-01-12T05:00:00,Waiting Hall,91.8
SN001,2024-01-12T05:10:00,Track 3 Entrance,88.5
SN003,2024-01-12T05:20:00,Ticketing Area,93.8
SN001,2024-01-12T05:30:00,Food Court,86.4
SN002,2024-01-12T05:40:00,Track 3 Entrance,95.7
SN003,2024-01-12T05:50:00,Platform 1,100
SN002,2024-01-12T06:00:00,Food Court,90
SN002,2024-01-12T06:10:00,Platform 1,90.6
SN003,2024-01-12T06:20:00,Platform 1,85.1
SN001,2024-01-12T06:30:00,Track 3 Entrance,88.6
SN001,2024-01-12T06:40:00,Ticketing Area,84.3
SN003,2024-01-12T06:50:00,Track 3 Entrance,100
SN003,2024-01-12T07:00:00,Platform 1,95.5
SN003,2024-01-12T07:10:00,Track 3 Entrance,100
SN003,2024-01-12T07:20:00,Track 3 Entrance,93
SN001,2024-01-12T07:30:00,Food Court,92.1
SN002,2024-01-12T07:40:00,Waiting Hall,100
SN003,2024-01-12T07:50:00,Platform 1,100
SN003,2024-01-12T08:00:00,Ticketing Area,93.8
SN003,2024-01-12T08:10:00,Platform 1,90.7
SN002,2024-01-12T08:20:00,Ticketing Area,100
SN003,2024-01-12T08:30:00,Ticketing Area,99.6
SN002,2024-01-12T08:40:00,Platform 1,100
SN001,2024-01-12T08:50:00,Track 3 Entrance,100
SN002,2024-01-12T09:00:00,Ticketing Area,95
SN001,2024-01-12T09:10:00,Ticketing Area,100
SN002,2024-01-12T09:20:00,Food Court,100
SN003,2024-01-12T09:30:00,Waiting Hall,100
SN003,2024-01-12T09:40:00,Waiting Hall,100
SN003,2024-01-12T09:50:00,Waiting Hall,92
SN003,2024-01-12T10:00:00,Ticketing Area,99.3
SN003,2024-01-12T10:10:00,Track 3 Entrance,88.6
SN003,2024-01-12T10:20:00,Platform 1,96.6
SN003,2024-01-12T10:30:00,Platform 1,97.3
SN001,2024-01-12T10:40:00,Track 3 Entrance,84.6
SN002,2024-01-12T10:50:00,Track 3 Entrance,92.1
SN002,2024-01-12T11:00:00,Waiting Hall,82.9
SN003,2024-01-12T11:10:00,Ticketing Area,86.5
SN002,2024-01-12T11:20:00,Ticketing Area,98.6
SN003,2024-01-12T11:30:00,Food Court,81.5
SN001,2024-01-12T11:40:00,Platform 1,100
SN002,2024-01-12T11:50:00,Waiting Hall,91.5
SN001,2024-01-12T12:00:00,Waiting Hall,94.1
SN002,2024-01-12T12:10:00,Platform 1,91.7
SN001,2024-01-12T12:20:00,Waiting Hall,91.4
SN002,2024-01-12T12:30:00,Waiting Hall,93.9
SN001,2024-01-12T12:40:00,Waiting Hall,100
SN003,2024-01-12T12:50:00,Platform 1,98.9
SN003,2024-01-12T13:00:00,Track 3 Entrance,96.3
SN001,2024-01-12T13:10:00,Ticketing Area,98.7
SN001,2024-01-12T13:20:00,Platform 1,93.8
SN001,2024-01-12T13:30:00,Waiting Hall,92.5
SN002,2024-01-12T13:40:00,Platform 1,88.8
SN001,2024-01-12T13:50:00,Waiting Hall,98.4
SN002,2024-01-12T14:00:00,Ticketing Area,97
SN003,2024-01-12T14:10:00,Platform 1,96.6
SN001,2024-01-12T14:20:00,Waiting Hall,92
SN001,2024-01-12T14:30:00,Waiting Hall,83.6
SN002,2024-01-12T14:40:00,Ticketing Area,90.6
SN002,2024-01-12T14:50:00,Waiting Hall,90.7
SN001,2024-01-12T15:00:00,Ticketing Area,91.9
SN002,2024-01-12T15:10:00,Waiting Hall,88.5
SN003,2024-01-12T15:20:00,Platform 1,96
SN002,2024-01-12T15:30:00,Waiting Hall,96.8
SN002,2024-01-12T15:40:00,Ticketing Area,87.3
SN002,2024-01-12T15:50:00,Food Court,96.5
SN002,2024-01-12T16:00:00,Food Court,95.8
SN003,2024-01-12T16:10:00,Track 3 Entrance,89.3
SN001,2024-01-12T16:20:00,Ticketing Area,93.7
SN002,2024-01-12T16:30:00,Platform 1,89
SN002,2024-01-12T16:40:00,Food Court,86.5
SN002,2024-01-12T16:50:00,Waiting Hall,92.5
SN002,2024-01-12T17:00:00,Ticketing Area,92.6
SN001,2024-01-12T17:10:00,Ticketing Area,84.9
SN001,2024-01-12T17:20:00,Platform 1,91
SN002,2024-01-12T17:30:00,Food Court,100
SN003,2024-01-12T17:40:00,Waiting Hall,94
SN001,2024-01-12T17:50:00,Track 3 Entrance,98.3
SN001,2024-01-12T18:00:00,Platform 1,100
SN002,2024-01-12T18:10:00,Ticketing Area,94.4
SN001,2024-01-12T18:20:00,Track 3 Entrance,100
SN001,2024-01-12T18:30:00,Platform 1,88.2
SN001,2024-01-12T18:40:00,Platform 1,86.6
SN002,2024-01-12T18:50:00,Platform 1,94.7
SN002,2024-01-12T19:00:00,Waiting Hall,89.8
SN001,2024-01-12T19:10:00,Track 3 Entrance,90.6
SN001,2024-01-12T19:20:00,Ticketing Area,96.5
SN001,2024-01-12T19:30:00,Platform 1,97.2
SN001,2024-01-12T19:40:00,Track 3 Entrance,100
SN003,2024-01-12T19:50:00,Track 3 Entrance,96.9
SN003,2024-01-12T20:00:00,Waiting Hall,89.6
SN003,2024-01-12T20:10:00,Waiting Hall,98.8
SN002,2024-01-12T20:20:00,Ticketing Area,98.4
SN003,2024-01-12T20:30:00,Food Court,95.2
SN002,2024-01-12T20:40:00,Ticketing Area,94.8
SN001,2024-01-12T20:50:00,Food Court,100
SN002,2024-01-12T21:00:00,Track 3 Entrance,96.2
SN001,2024-01-12T21:10:00,Track 3 Entrance,98
SN001,2024-01-12T21:20:00,Platform 1,88.2
SN003,2024-01-12T21:30:00,Track 3 Entrance,92.1
SN002,2024-01-12T21:40:00,Waiting Hall,86.6
SN002,2024-01-12T21:50:00,Food Court,98.9
SN002,2024-01-12T22:00:00,Platform 1,97.4
SN001,2024-01-12T22:10:00,Track 3 Entrance,94.7
SN001,2024-01-12T22:20:00,Waiting Hall,93.5
SN003,2024-01-12T22:30:00,Food Court,97.8
SN002,2024-01-12T22:40:00,Waiting Hall,99
SN003,2024-01-12T22:50:00,Ticketing Area,92.9
SN002,2024-01-12T23:00:00,Waiting Hall,86.8
SN002,2024-01-12T23:10:00,Track 3 Entrance,86
SN002,2024-01-12T23:20:00,Ticketing Area,81.7
SN001,2024-01-12T23:30:00,Ticketing Area,92.3
SN002,2024-01-12T23:40:00,Track 3 Entrance,84.6
SN001,2024-01-12T23:50:00,Waiting Hall,90.9
SN001,2024-01-13T00:00:00,Platform 1,89
SN001,2024-01-13T00:10:00,Ticketing Area,91.9
SN003,2024-01-13T00:20:00,Food Court,100
SN002,2024-01-13T00:30:00,Platform 1,100
SN002,2024-01-13T00:40:00,Platform 1,87.7
SN001,2024-01-13T00:50:00,Platform 1,84.5
SN002,2024-01-13T01:00:00,Food Court,91.2
SN002,2024-01-13T01:10:00,Ticketing Area,95.5
SN001,2024-01-13T01:20:00,Track 3 Entrance,85.3
SN003,2024-01-13T01:30:00,Food Court,87.3
SN001,2024-01-13T01:40:00,Ticketing Area,88
SN003,2024-01-13T01:50:00,Platform 1,83.7
SN002,2024-01-13T02:00:00,Track 3 Entrance,84.8
SN001,2024-01-13T02:10:00,Food Court,85
SN001,2024-01-13T02:20:00,Food Court,83.2
SN001,2024-01-13T02:30:00,Platform 1,96.6
SN003,2024-01-13T02:40:00,Food Court,82.4
SN003,2024-01-13T02:50:00,Platform 1,90
SN001,2024-01-13T03:00:00,Waiting Hall,85.1
SN001,2024-01-13T03:10:00,Food Court,97.3
SN002,2024-01-13T03:20:00,Waiting Hall,92.8
SN001,2024-01-13T03:30:00,Food Court,96.9
SN003,2024-01-13T03:40:00,Platform 1,84
SN003,2024-01-13T03:50:00,Platform 1,92.7
SN002,2024-01-13T04:00:00,Ticketing Area,93.4
SN002,2024-01-13T04:10:00,Ticketing Area,87.9
SN003,2024-01-13T04:20:00,Platform 1,95.2
SN002,2024-01-13T04:30:00,Platform 1,84.3
SN002,2024-01-13T04:40:00,Track 3 Entrance,90.3
SN003,2024-01-13T04:50:00,Ticketing Area,79.3
SN001,2024-01-13T05:00:00,Platform 1,86.4
SN003,2024-01-13T05:10:00,Waiting Hall,83.1
SN001,2024-01-13T05:20:00,Waiting Hall,100
SN002,2024-01-13T05:30:00,Platform 1,90
SN002,2024-01-13T05:40:00,Ticketing Area,85.5
SN003,2024-01-13T05:50:00,Platform 1,91.5
SN001,2024-01-13T06:00:00,Waiting Hall,84.5
SN001,2024-01-13T06:10:00,Track 3 Entrance,94.4
SN002,2024-01-13T06:20:00,Ticketing Area,88.1
SN001,2024-01-13T06:30:00,Track 3 Entrance,87.8
SN001,2024-01-13T06:40:00,Food Court,86.1
SN003,2024-01-13T06:50:00,Track 3 Entrance,100
SN002,2024-01-13T07:00:00,Waiting Hall,100
SN002,2024-01-13T07:10:00,Food Court,98.7
SN003,2024-01-13T07:20:00,Track 3 Entrance,100
SN001,2024-01-13T07:30:00,Platform 1,86.2
SN003,2024-01-13T07:40:00,Track 3 Entrance,95.6
SN001,2024-01-13T07:50:00,Track 3 Entrance,92.5
SN002,2024-01-13T08:00:00,Track 3 Entrance,93.2
SN003,2024-01-13T08:10:00,Platform 1,100
SN002,2024-01-13T08:20:00,Platform 1,100
SN002,2024-01-13T08:30:00,Platform 1,100
SN001,2024-01-13T08:40:00,Ticketing Area,96.3
SN001,2024-01-13T08:50:00,Food Court,90.7
SN003,2024-01-13T09:00:00,Platform 1,100
SN003,2024-01-13T09:10:00,Ticketing Area,99.9
SN003,2024-01-13T09:20:00,Platform 1,96.6
SN002,2024-01-13T09:30:00,Track 3 Entrance,100
SN003,2024-01-13T09:40:00,Food Court,100
SN003,2024-01-13T09:50:00,Waiting Hall,98.6
SN002,2024-01-13T10:00:00,Ticketing Area,93.5
SN002,2024-01-13T10:10:00,Food Court,91.3
SN003,2024-01-13T10:20:00,Ticketing Area,91
SN003,2024-01-13T10:30:00,Platform 1,89.6
SN002,2024-01-13T10:40:00,Ticketing Area,83.5
SN003,2024-01-13T10:50:00,Waiting Hall,94.1
SN003,2024-01-13T11:00:00,Platform 1,90.4
SN002,2024-01-13T11:10:00,Waiting Hall,92
SN003,2024-01-13T11:20:00,Food Court,93.9
SN001,2024-01-13T11:30:00,Platform 1,92.2
SN002,2024-01-13T11:40:00,Waiting Hall,93.9
SN002,2024-01-13T11:50:00,Track 3 Entrance,100
SN002,2024-01-13T12:00:00,Track 3 Entrance,95.2
SN001,2024-01-13T12:10:00,Ticketing Area,96.4
SN003,2024-01-13T12:20:00,Platform 1,100
SN001,2024-01-13T12:30:00,Waiting Hall,99.2
SN001,2024-01-13T12:40:00,Platform 1,90.3
SN002,2024-01-13T12:50:00,Waiting Hall,98.5
SN003,2024-01-13T13:00:00,Ticketing Area,93.3
SN001,2024-01-13T13:10:00,Food Court,88.5
SN002,2024-01-13T13:20:00,Ticketing Area,89.5
SN003,2024-01-13T13:30:00,Track 3 Entrance,93.7
SN001,2024-01-13T13:40:00,Waiting Hall,87.8
SN002,2024-01-13T13:50:00,Food Court,94.5
SN001,2024-01-13T14:00:00,Track 3 Entrance,100
SN001,2024-01-13T14:10:00,Ticketing Area,95.3
SN001,2024-01-13T14:20:00,Platform 1,94.7
SN003,2024-01-13T14:30:00,Food Court,96.9
SN001,2024-01-13T14:40:00,Ticketing Area,97.1
SN001,2024-01-13T14:50:00,Platform 1,100
SN002,2024-01-13T15:00:00,Platform 1,89.7
SN003,2024-01-13T15:10:00,Waiting Hall,96
SN003,2024-01-13T15:20:00,Waiting Hall,89
SN001,2024-01-13T15:30:00,Track 3 Entrance,97.6
SN003,2024-01-13T15:40:00,Ticketing Area,93.9
SN002,2024-01-13T15:50:00,Food Court,80.8
SN003,2024-01-13T16:00:00,Waiting Hall,98.7
SN003,2024-01-13T16:10:00,Food Court,100
SN001,2024-01-13T16:20:00,Ticketing Area,91.9
SN003,2024-01-13T16:30:00,Food Court,84.3
SN003,2024-01-13T16:40:00,Platform 1,88.9
SN003,2024-01-13T16:50:00,Track 3 Entrance,83.2
SN002,2024-01-13T17:00:00,Ticketing Area,100
SN003,2024-01-13T17:10:00,Track 3 Entrance,94.6
SN001,2024-01-13T17:20:00,Platform 1,96.8
SN003,2024-01-13T17:30:00,Ticketing Area,96.7
SN003,2024-01-13T17:40:00,Track 3 Entrance,95.5
SN003,2024-01-13T17:50:00,Ticketing Area,100
SN002,2024-01-13T18:00:00,Ticketing Area,97.8
SN001,2024-01-13T18:10:00,Track 3 Entrance,87.5
SN003,2024-01-13T18:20:00,Waiting Hall,88.6
SN002,2024-01-13T18:30:00,Food Court,100
SN003,2024-01-13T18:40:00,Platform 1,100
SN001,2024-01-13T18:50:00,Platform 1,100
SN003,2024-01-13T19:00:00,Waiting Hall,91.2
SN003,2024-01-13T19:10:00,Waiting Hall,96.2
SN001,2024-01-13T19:20:00,Platform 1,95.8
SN001,2024-01-13T19:30:00,Waiting Hall,94.9
SN001,2024-01-13T19:40:00,Platform 1,99.3
SN002,2024-01-13T19:50:00,Track 3 Entrance,98.3
SN003,2024-01-13T20:00:00,Food Court,90.9
SN003,2024-01-13T20:10:00,Track 3 Entrance,100
SN002,2024-01-13T20:20:00,Platform 1,95.3
SN003,2024-01-13T20:30:00,Platform 1,89.1
SN003,2024-01-13T20:40:00,Waiting Hall,92.1
SN003,2024-01-13T20:50:00,Waiting Hall,99.6
SN001,2024-01-13T21:00:00,Waiting Hall,86.2
SN002,2024-01-13T21:10:00,Waiting Hall,96.8
SN002,2024-01-13T21:20:00,Food Court,89.4
SN002,2024-01-13T21:30:00,Platform 1,91.1
SN003,2024-01-13T21:40:00,Waiting Hall,88.5
SN002,2024-01-13T21:50:00,Food Court,84.4
SN003,2024-01-13T22:00:00,Ticketing Area,93.8
SN002,2024-01-13T22:10:00,Platform 1,99.4
SN003,2024-01-13T22:20:00,Food Court,98.7
SN003,2024-01-13T22:30:00,Platform 1,100
SN003,2024-01-13T22:40:00,Platform 1,95.6
SN003,2024-01-13T22:50:00,Track 3 Entrance,86.9
SN001,2024-01-13T23:00:00,Food Court,100
SN003,2024-01-13T23:10:00,Ticketing Area,92.1
SN003,2024-01-13T23:20:00,Platform 1,85.3
SN003,2024-01-13T23:30:00,Waiting Hall,97.4
SN001,2024-01-13T23:40:00,Food Court,88.8
SN003,2024-01-13T23:50:00,Track 3 Entrance,93.2
SN002,2024-01-14T00:00:00,Track 3 Entrance,92.9
SN003,2024-01-14T00:10:00,Food Court,88
SN002,2024-01-14T00:20:00,Food Court,97.6
SN003,2024-01-14T00:30:00,Track 3 Entrance,100
SN002,2024-01-14T00:40:00,Track 3 Entrance,82
SN003,2024-01-14T00:50:00,Platform 1,93.8
SN003,2024-01-14T01:00:00,Track 3 Entrance,90.1
SN003,2024-01-14T01:10:00,Food Court,89.2
SN002,2024-01-14T01:20:00,Waiting Hall,89.8
SN003,2024-01-14T01:30:00,Waiting Hall,97.9
SN001,2024-01-14T01:40:00,Waiting Hall,80.5
SN001,2024-01-14T01:50:00,Platform 1,93.5
SN001,2024-01-14T02:00:00,Ticketing Area,100
SN003,2024-01-14T02:10:00,Food Court,90.9
SN002,2024-01-14T02:20:00,Waiting Hall,88.2
SN003,2024-01-14T02:30:00,Track 3 Entrance,82
SN002,2024-01-14T02:40:00,Waiting Hall,86.8
SN002,2024-01-14T02:50:00,Platform 1,89.6
SN003,2024-01-14T03:00:00,Food Court,85.5
SN003,2024-01-14T03:10:00,Track 3 Entrance,92.7
SN003,2024-01-14T03:20:00,Platform 1,88.3
SN001,2024-01-14T03:30:00,Food Court,100
SN001,2024-01-14T03:40:00,Track 3 Entrance,95.1
SN002,2024-01-14T03:50:00,Platform 1,92.8
SN001,2024-01-14T04:00:00,Ticketing Area,96.6
SN002,2024-01-14T04:10:00,Waiting Hall,91.9
SN001,2024-01-14T04:20:00,Ticketing Area,84.7
SN002,2024-01-14T04:30:00,Waiting Hall,85.8
SN003,2024-01-14T04:40:00,Ticketing Area,89.3
SN003,2024-01-14T04:50:00,Track 3 Entrance,91.5
SN003,2024-01-14T05:00:00,Platform 1,94.1
SN003,2024-01-14T05:10:00,Waiting Hall,85
SN001,2024-01-14T05:20:00,Ticketing Area,90.7
SN002,2024-01-14T05:30:00,Food Court,85.3
SN003,2024-01-14T05:40:00,Platform 1,93.9
SN001,2024-01-14T05:50:00,Platform 1,86
SN001,2024-01-14T06:00:00,Track 3 Entrance,83.1
SN003,2024-01-14T06:10:00,Food Court,100
SN002,2024-01-14T06:20:00,Waiting Hall,82.1
SN003,2024-01-14T06:30:00,Food Court,95.8
SN001,2024-01-14T06:40:00,Waiting Hall,87.5
SN003,2024-01-14T06:50:00,Platform 1,84.9
SN003,2024-01-14T07:00:00,Track 3 Entrance,95.7
SN003,2024-01-14T07:10:00,Food Court,97
SN002,2024-01-14T07:20:00,Waiting Hall,100
SN002,2024-01-14T07:30:00,Platform 1,98.4
SN003,2024-01-14T07:40:00,Food Court,91.7
SN002,2024-01-14T07:50:00,Track 3 Entrance,90
SN002,2024-01-14T08:00:00,Ticketing Area,97.7
SN003,2024-01-14T08:10:00,Track 3 Entrance,100
SN002,2024-01-14T08:20:00,Track 3 Entrance,89.3
SN001,2024-01-14T08:30:00,Track 3 Entrance,96.1
SN002,2024-01-14T08:40:00,Platform 1,94.6
SN001,2024-01-14T08:50:00,Platform 1,100
SN001,2024-01-14T09:00:00,Food Court,97.6
SN003,2024-01-14T09:10:00,Track 3 Entrance,99.7
SN003,2024-01-14T09:20:00,Platform 1,100
SN001,2024-01-14T09:30:00,Track 3 Entrance,98.7
SN002,2024-01-14T09:40:00,Track 3 Entrance,94.1
SN001,2024-01-14T09:50:00,Waiting Hall,83
SN003,2024-01-14T10:00:00,Waiting Hall,89.1
SN003,2024-01-14T10:10:00,Ticketing Area,95.9
SN003,2024-01-14T10:20:00,Ticketing Area,95.2
SN002,2024-01-14T10:30:00,Food Court,96.3
SN003,2024-01-14T10:40:00,Platform 1,97.3
SN002,2024-01-14T10:50:00,Food Court,92.4
SN002,2024-01-14T11:00:00,Track 3 Entrance,97.4
SN003,2024-01-14T11:10:00,Track 3 Entrance,91.6
SN003,2024-01-14T11:20:00,Track 3 Entrance,92.1
SN001,2024-01-14T11:30:00,Food Court,92.5
SN002,2024-01-14T11:40:00,Food Court,94.7
SN001,2024-01-14T11:50:00,Food Court,91.8
SN001,2024-01-14T12:00:00,Food Court,86.9
SN002,2024-01-14T12:10:00,Waiting Hall,97.2
SN002,2024-01-14T12:20:00,Waiting Hall,95.6
SN002,2024-01-14T12:30:00,Platform 1,94.9
SN002,2024-01-14T12:40:00,Waiting Hall,99.2
SN001,2024-01-14T12:50:00,Platform 1,95.2
SN003,2024-01-14T13:00:00,Food Court,94.6
SN001,2024-01-14T13:10:00,Platform 1,91.4
SN003,2024-01-14T13:20:00,Platform 1,92.1
SN001,2024-01-14T13:30:00,Ticketing Area,91.3
SN001,2024-01-14T13:40:00,Track 3 Entrance,97.7
SN001,2024-01-14T13:50:00,Ticketing Area,100
SN001,2024-01-14T14:00:00,Ticketing Area,85.2
SN001,2024-01-14T14:10:00,Food Court,86.6
SN003,2024-01-14T14:20:00,Track 3 Entrance,93.6
SN003,2024-01-14T14:30:00,Track 3 Entrance,97.7
SN001,2024-01-14T14:40:00,Food Court,95.7
SN003,2024-01-14T14:50:00,Food Court,94.4
SN001,2024-01-14T15:00:00,Ticketing Area,80.4
SN002,2024-01-14T15:10:00,Platform 1,100
SN001,2024-01-14T15:20:00,Ticketing Area,91.9
SN003,2024-01-14T15:30:00,Ticketing Area,100
SN002,2024-01-14T15:40:00,Platform 1,96.5
SN003,2024-01-14T15:50:00,Platform 1,94.9
SN001,2024-01-14T16:00:00,Food Court,96.1
SN003,2024-01-14T16:10:00,Food Court,85.2
SN001,2024-01-14T16:20:00,Food Court,86
SN003,2024-01-14T16:30:00,Platform 1,83.5
SN002,2024-01-14T16:40:00,Waiting Hall,91.5
SN003,2024-01-14T16:50:00,Ticketing Area,89.6
SN003,2024-01-14T17:00:00,Waiting Hall,99.1
SN003,2024-01-14T17:10:00,Ticketing Area,94.9
SN001,2024-01-14T17:20:00,Ticketing Area,88.6
SN001,2024-01-14T17:30:00,Track 3 Entrance,90.4
SN002,2024-01-14T17:40:00,Track 3 Entrance,97.4
SN003,2024-01-14T17:50:00,Food Court,93.6
SN002,2024-01-14T18:00:00,Track 3 Entrance,100
SN002,2024-01-14T18:10:00,Track 3 Entrance,100
SN002,2024-01-14T18:20:00,Track 3 Entrance,99.9
SN003,2024-01-14T18:30:00,Waiting Hall,100
SN003,2024-01-14T18:40:00,Track 3 Entrance,91.9
SN003,2024-01-14T18:50:00,Platform 1,100
SN002,2024-01-14T19:00:00,Waiting Hall,93.8
SN001,2024-01-14T19:10:00,Food Court,100
SN003,2024-01-14T19:20:00,Platform 1,100
SN001,2024-01-14T19:30:00,Platform 1,98.4
SN001,2024-01-14T19:40:00,Food Court,100
SN002,2024-01-14T19:50:00,Food Court,89.9
SN003,2024-01-14T20:00:00,Waiting Hall,92.7
SN002,2024-01-14T20:10:00,Ticketing Area,89.1
SN002,2024-01-14T20:20:00,Platform 1,88.8
SN002,2024-01-14T20:30:00,Track 3 Entrance,92.4
SN002,2024-01-14T20:40:00,Food Court,100
SN002,2024-01-14T20:50:00,Waiting Hall,91.3
SN002,2024-01-14T21:00:00,Ticketing Area,89.4
SN001,2024-01-14T21:10:00,Food Court,100
SN003,2024-01-14T21:20:00,Ticketing Area,95.4
SN001,2024-01-14T21:30:00,Waiting Hall,93.2
SN001,2024-01-14T21:40:00,Food Court,88
SN003,2024-01-14T21:50:00,Food Court,90.6
SN002,2024-01-14T22:00:00,Waiting Hall,92.4
SN002,2024-01-14T22:10:00,Ticketing Area,94
SN003,2024-01-14T22:20:00,Food Court,87.6
SN002,2024-01-14T22:30:00,Food Court,87.1
SN003,2024-01-14T22:40:00,Platform 1,94.4
SN002,2024-01-14T22:50:00,Food Court,85.2
SN002,2024-01-14T23:00:00,Food Court,81.9
SN001,2024-01-14T23:10:00,Ticketing Area,90.3
SN003,2024-01-14T23:20:00,Platform 1,95.4
SN002,2024-01-14T23:30:00,Food Court,100
SN002,2024-01-14T23:40:00,Waiting Hall,83.7
SN002,2024-01-14T23:50:00,Track 3 Entrance,82.8
SN002,2024-01-15T00:00:00,Track 3 Entrance,87.6
